id,competitor,product_name,price,scraped_at
1,gymshark,Geo Seamless Long Sleeve T-Shirt,40.0,2026-08-25 23:37:55
2,gymshark,Geo Seamless Tank,32.0,2026-08-25 23:37:55
3,gymshark,Conditioning Club Oversized T-Shirt,36.0,2026-08-25 23:37:55
4,gymshark,Washed Pastels T-Shirt,36.0,2026-08-25 23:37:55
5,gymshark,Crest Oversized T-Shirt,26.0,2026-08-25 23:37:55
6,gymshark,Crest Oversized T-Shirt,26.0,2026-08-25 23:37:55
7,gymshark,Power T-Shirt,36.0,2026-08-25 23:37:55
8,gymshark,Power T-Shirt,36.0,2026-08-25 23:37:55
9,gymshark,Shadow Seamless T Shirt,44.0,2026-08-25 23:37:55
10,gymshark,Arrival Oversized T-Shirt,26.0,2026-08-25 23:37:55
11,gymshark,Conditioning Club Tank,30.0,2026-08-25 23:37:55
12,gymshark,Faded Collegiate Graphic T-Shirt,32.0,2026-08-25 23:37:55
13,gymshark,Train T-Shirt,28.0,2026-08-25 23:37:55
14,gymshark,Distance Seamless T-Shirt,50.0,2026-08-25 23:37:55
15,gymshark,Cotton Seamless T-Shirt,32.0,2026-08-25 23:37:55
16,gymshark,Campus Crest T-Shirt,28.0,2026-08-25 23:37:55
17,gymshark,Cotton Seamless T-Shirt,32.0,2026-08-25 23:37:55
18,gymshark,Cotton Seamless Sleeveless Top,30.0,2026-08-25 23:37:55
19,gymshark,Cotton Seamless T-Shirt,32.0,2026-08-25 23:37:55
20,gymshark,Conditioning Club Tank,30.0,2026-08-25 23:37:55
21,gymshark,Cotton Seamless Sleeveless Top,30.0,2026-08-25 23:37:55
22,gymshark,Train T-Shirt,28.0,2026-08-25 23:37:55
23,gymshark,Faded Collegiate Graphic T-Shirt,32.0,2026-08-25 23:37:55
24,gymshark,Cotton Seamless Sleeveless Top,30.0,2026-08-25 23:37:55
25,gymshark,Devant Seamless T-Shirt,38.0,2026-08-25 23:37:55
26,gymshark,Train T-Shirt,28.0,2026-08-25 23:37:56
27,gymshark,Arrival Oversized T-Shirt,26.0,2026-08-25 23:37:56
28,gymshark,Cotton Seamless Sleeveless Top,30.0,2026-08-25 23:37:56
29,gymshark,Arrival T-Shirt,22.0,2026-08-25 23:37:56
30,gymshark,Devant Seamless T-Shirt,38.0,2026-08-25 23:37:56
31,gymshark,Train Cut Off Tank,25.0,2026-08-25 23:37:56
32,gymshark,Campus Crest T-Shirt,28.0,2026-08-25 23:37:56
33,gymshark,Devant Seamless Tank,34.0,2026-08-25 23:37:56
34,gymshark,Arrival Oversized T-Shirt,26.0,2026-08-25 23:37:56
35,gymshark,Train T-Shirt,28.0,2026-08-25 23:37:56
36,gymshark,Train Cut Off Tank,25.0,2026-08-25 23:37:56
37,gymshark,Campus Crest T-Shirt,28.0,2026-08-25 23:37:56
38,gymshark,GSLC Cut off tank,34.0,2026-08-25 23:37:56
39,gymshark,Train Cut Off Tank,25.0,2026-08-25 23:37:56
40,gymshark,Super Soft Muscle Tee,32.0,2026-08-25 23:37:56
41,gymshark,Devant Seamless Tank,34.0,2026-08-25 23:37:56
42,gymshark,Devant Seamless T-Shirt,38.0,2026-08-25 23:37:56
43,gymshark,Arrival Tank,20.0,2026-08-25 23:37:56
44,gymshark,Arrival Tank,20.0,2026-08-25 23:37:56
45,gymshark,Train Cut Off Tank,25.0,2026-08-25 23:37:56
46,gymshark,Arrival Oversized T-Shirt,26.0,2026-08-25 23:37:56
47,gymshark,Super Soft Muscle Tee,32.0,2026-08-25 23:37:56
48,gymshark,Train T-Shirt,28.0,2026-08-25 23:37:56
49,gymshark,GSLC Stringer,26.0,2026-08-25 23:37:56
50,gymshark,Super Soft Muscle Tee,32.0,2026-08-25 23:37:56
51,gymshark,GSLC Cut off tank,34.0,2026-08-25 23:37:56
52,gymshark,GSLC Cut off tank,34.0,2026-08-25 23:37:56
53,gymshark,Campus Crest T-Shirt,28.0,2026-08-25 23:37:56
54,gymshark,GSLC Stringer,26.0,2026-08-25 23:37:56
55,gymshark,Devant Seamless Tank,34.0,2026-08-25 23:37:56
56,gymshark,Campus Crest T-Shirt,28.0,2026-08-25 23:37:56
57,gymshark,Geo Seamless Tank,32.0,2026-08-25 23:37:56
58,gymshark,Conditioning Club Oversized T-Shirt,36.0,2026-08-25 23:37:56
59,gymshark,Arrival Oversized T-Shirt,26.0,2026-08-25 23:37:56
60,gymshark,Arrival T-Shirt,22.0,2026-08-25 23:37:56
61,gymshark,Washed Pastels T-Shirt,36.0,2026-08-25 23:37:56
62,gymshark,Power T-Shirt,36.0,2026-08-25 23:37:56
63,gymshark,Power T-Shirt,36.0,2026-08-25 23:37:56
64,gymshark,Shadow Seamless T Shirt,44.0,2026-08-25 23:37:56
65,gymshark,Geo Seamless T-Shirt,36.0,2026-08-25 23:37:56
66,gymshark,Crest Oversized T-Shirt,26.0,2026-08-25 23:37:56
67,gymshark,Crest Oversized T-Shirt,26.0,2026-08-25 23:37:56
68,gymshark,Ribbed Tank 1PK,16.0,2026-08-25 23:37:56
69,gymshark,Versatile Seamless T-Shirt,38.0,2026-08-25 23:37:56
70,gymshark,Element Baselayer T-Shirt,28.0,2026-08-25 23:37:57
71,gymshark,Arrival Tank,20.0,2026-08-25 23:37:57
72,gymshark,Conditioning Club Washed T-Shirt,40.0,2026-08-25 23:37:57
73,gymshark,Running T-Shirt,38.0,2026-08-25 23:37:57
74,gymshark,Element Tank,24.0,2026-08-25 23:37:57
75,gymshark,Element Baselayer T-Shirt,28.0,2026-08-25 23:37:57
76,gymshark,Shadow Seamless T Shirt,44.0,2026-08-25 23:37:57
77,gymshark,Arrival Oversized T-Shirt,26.0,2026-08-25 23:37:57
78,gymshark,Crest T-Shirt,22.0,2026-08-25 23:37:57
79,gymshark,Lightweight Seamless T-Shirt,30.0,2026-08-25 23:37:57
80,gymshark,Arrival T-Shirt,22.0,2026-08-25 23:37:57
81,gymshark,Washed Pastels T-Shirt,36.0,2026-08-25 23:37:57
82,gymshark,Running T-Shirt,38.0,2026-08-25 23:37:57
83,gymshark,Conditioning Club Oversized T-Shirt,36.0,2026-08-25 23:37:57
84,gymshark,Distance Seamless T-Shirt,50.0,2026-08-25 23:37:57
85,gymshark,Element Tank,24.0,2026-08-25 23:37:57
86,gymshark,Power T-Shirt,36.0,2026-08-25 23:37:57
87,gymshark,Power Cut Off Tank,30.0,2026-08-25 23:37:57
88,gymshark,Geo Seamless Grid T-Shirt,36.0,2026-08-25 23:37:57
89,gymshark,Conditioning Club Washed Tank,34.0,2026-08-25 23:37:57
90,gymshark,Geo Seamless T-Shirt,36.0,2026-08-25 23:37:57
91,gymshark,Vital Tank,32.0,2026-08-25 23:37:57
92,gymshark,Crest Oversized T-Shirt,26.0,2026-08-25 23:37:57
93,gymshark,Power T-Shirt,36.0,2026-08-25 23:37:57
94,gymshark,Washed Pastels T-Shirt,36.0,2026-08-25 23:37:57
95,gymshark,Arrival Contrast T-Shirt,24.0,2026-08-25 23:37:57
96,gymshark,Crest T-Shirt,22.0,2026-08-25 23:37:57
97,gymshark,Crest T-Shirt,22.0,2026-08-25 23:37:57
98,gymshark,Legacy T-Shirt,28.0,2026-08-25 23:37:57
99,gymshark,Vital Tank,32.0,2026-08-25 23:37:57
100,gymshark,Conditioning Club Tank,30.0,2026-08-25 23:37:57
101,gymshark,Shadow Seamless T Shirt,44.0,2026-08-25 23:37:57
102,gymshark,Running Tank,32.0,2026-08-25 23:37:57
103,gymshark,Arrival Oversized T-Shirt,26.0,2026-08-25 23:37:57
104,gymshark,Versatile Seamless T-Shirt,38.0,2026-08-25 23:37:57
105,gymshark,Versatile Seamless Tank,36.0,2026-08-25 23:37:57
106,gymshark,Geo Seamless Grid T-Shirt,36.0,2026-08-25 23:37:57
107,gymshark,Geo Seamless T-Shirt,36.0,2026-08-25 23:37:57
108,gymshark,Arrival Oversized T-Shirt,26.0,2026-08-25 23:37:57
109,gymshark,Lightweight Seamless Tank,26.0,2026-08-25 23:37:57
110,gymshark,Critical 2.0 Drop Arm Tank,24.0,2026-08-25 23:37:57
111,gymshark,Ribbed Tank 1PK,16.0,2026-08-25 23:37:57
112,gymshark,Shadow Seamless T Shirt,44.0,2026-08-25 23:37:57
113,gymshark,Versatile Seamless T-Shirt,38.0,2026-08-25 23:37:57
114,gymshark,Critical Tank,24.0,2026-08-25 23:37:57
115,gymshark,Lightweight Seamless T-Shirt,30.0,2026-08-25 23:37:57
116,gymshark,Train T-Shirt,28.0,2026-08-25 23:37:58
117,gymshark,Power Stringer,28.0,2026-08-25 23:37:58
118,gymshark,Critical 2.0 Drop Arm Tank,24.0,2026-08-25 23:37:58
119,gymshark,Gymshark x Frazetta x Run Club Tank,68.0,2026-08-25 23:37:58
120,gymshark,Running Tank,32.0,2026-08-25 23:37:58
121,gymshark,Critical Cut Off Tank,24.0,2026-08-25 23:37:58
122,gymshark,Power Cut Off Tank,30.0,2026-08-25 23:37:58
123,gymshark,Gymshark x Frazetta x Run Club Tank,68.0,2026-08-25 23:37:58
124,gymshark,Summer Pump T-Shirt,34.0,2026-08-25 23:37:58
125,gymshark,Summer Pump T-Shirt,34.0,2026-08-25 23:37:58
126,gymshark,Vital Seamless T-Shirt,38.0,2026-08-25 23:37:58
127,gymshark,Geo Seamless T-Shirt,36.0,2026-08-25 23:37:58
128,gymshark,Built For More T-Shirt,28.0,2026-08-25 23:37:58
129,gymshark,Critical Cut Off Tank,24.0,2026-08-25 23:37:58
130,gymshark,Hybrid Engineered Jacquard T-Shirt,68.0,2026-08-25 23:37:58
131,gymshark,"Arrival 5"" Shorts",26.0,2026-08-25 23:37:58
132,gymshark,Washed Pastels Tank,32.0,2026-08-25 23:37:58
133,gymshark,Washed Pastels Tank,32.0,2026-08-25 23:37:58
134,gymshark,Washed Pastels Tank,32.0,2026-08-25 23:37:58
135,gymshark,Washed Pastels Shorts,38.0,2026-08-25 23:37:58
136,gymshark,Washed Pastels T-Shirt,36.0,2026-08-25 23:37:58
137,etsy,Solid Walnut Wood Custom Mechanical Keyboard Kit Tri-Mode RGB For Cherry MX Switches,169.0,2026-08-25 23:38:09
138,etsy,"Retro Wireless Mechanical Keyboard, Wood Grain Design, RGB, QMK/VIA, Hot-Swappable, Bluetooth/2.4G",290.36,2026-08-25 23:38:09
139,etsy,Custom Full Size Wireless Mechanical Keyboard | Strawberry Shortcake Pink Aluminum Desk Setup Bundle,330.0,2026-08-25 23:38:09
140,etsy,"Custom Dactyl Manuform Pro Trackball Wireless Ergonomic Split Keyboard: Hot-Swap MX, Built-in Trackball",400.12,2026-08-25 23:38:09
141,etsy,Solid Walnut Wood Custom Mechanical Keyboard Kit Tri-Mode RGB For Cherry MX Switches,169.0,2026-08-25 23:38:09
142,etsy,"Black Walnut Wood 65% Mechanical Keyboard: Hot-Swappable, RGB Backlit, Bluetooth / 2.4G / USB-C, Windows & macOS",194.65,2026-08-25 23:38:09
143,etsy,Wire Wireless bluetooth Steampunk Black mechanical keyboard iPad iphone computer with lights 83 keycaps,113.75,2026-08-25 23:38:09
144,etsy,Lux 40% V2 Mechanical Keyboard,129.0,2026-08-25 23:38:09
145,etsy,Sofle RGB V3.2 MX Wireless Split Keyboard Bluetooth,54.92,2026-08-25 23:38:09
146,etsy,"Wireless Split Trackball Keyboard, Prebuilt ZMK Ergonomic Mechanical Keyboard, 4x6 Hot Swappable Custom Keyboard, Ready to Use",27.24,2026-08-25 23:38:09
147,etsy,"Retro Wireless Mechanical Keyboard, Wood Grain Design, RGB, QMK/VIA, Hot-Swappable, Bluetooth/2.4G",290.36,2026-08-25 23:38:09
148,etsy,Sofle Keyboard,151.35,2026-08-25 23:38:09
149,etsy,Wooden Keycaps: Black Walnut Wood Key Caps Artisan Mechanical Keyboard Keycap Set OEM Profile,11.04,2026-08-25 23:38:09
150,etsy,"Corne Keyboard v4.1 Cherry- Gray Casing,Split Ergonomic Mechanical Keyboard,Compact Split Layout, Supports RGB Lighting,Breakup Keyboard",113.8,2026-08-25 23:38:09
151,etsy,"Creative Magic Starry Sky 181 Key Theme Key,PBT Material and Cherry Profile,134+37PC Keycap,Customized Layout Mechanical Keyboard Keycap",86.25,2026-08-25 23:38:10
152,etsy,"Anime Artisan Keycap, Custom PKM Keycap, Custom Artisan Keycap for Mechanical Keyboard, Birthday Gift, ESC Resin Keycap, Halloween Gift",9.6,2026-08-25 23:38:10
153,etsy,"Corne Keyboard v4.1 Cherry- Gray Casing,Split Ergonomic Mechanical Keyboard,Compact Split Layout, Supports RGB Lighting,Breakup Keyboard",113.8,2026-08-25 23:38:10
154,etsy,Sofle Choc Pro Split Keyboard - Ergonomic Keyboard with 58 keys,176.98,2026-08-25 23:38:10
155,etsy,"Steampunk Mechanical Keyboard: Bluetooth Wireless, Colorful Lights, 83 Keycaps",18.85,2026-08-25 23:38:10
156,etsy,"Ergonomic Split Curved Mechanical Keyboard 64 Keys Wired Custom Keyboard VIAL Programmable LED Light  Wrist Rest for Office, Creator, Gaming",119.25,2026-08-25 23:38:10
157,etsy,"Refraction Keycap Set | Artistic Angular Design | PBT Double-Shot Cherry Profile 137 Keys | Side-Printed, Backlit Ready Mechanical Keyboards",54.03,2026-08-25 23:38:10
158,etsy,"Jinx Game Anime Keycaps Set, Customizable Layout Mechanical Keyboard Keycaps | PBT+PC Keycaps | Anime Keycaps | Game fan Gifts",43.5,2026-08-25 23:38:10
159,etsy,"Tenkeyless Mechanical Gaming Keyboard | RGB Backlit, Hot-Swappable",49.91,2026-08-25 23:38:10
160,etsy,Moon Cherry PBT Keycap Set – Side-Printed RGB Artisan Keycaps,82.2,2026-08-25 23:38:10
161,etsy,Cthulhu Old God Keycap Set Gothic PBT Full Keycap Set Retro Themed Custom Mechanical Keyboard Keycaps 130 Keys,79.2,2026-08-25 23:38:10
162,etsy,High-End Japanese Ink-Style Custom 65% Keyboard,599.0,2026-08-25 23:38:10
163,etsy,"One Piece Theme Anime Artisan Keycap Set | Pirate Adventure Keycaps, MOA & Cherry Profile, PBT Dye-Sub – KeyArtisan®",69.99,2026-08-25 23:38:10
164,etsy,"Hand carved 108 key walnut themed keycap gift set - natural aroma, Cherry height, ergonomically designed for collection and gift giving",26.99,2026-08-25 23:38:10
165,etsy,"Wireless Split Keyboard with Trackball, Fully Built ZMK Ergonomic Mechanical Keyboard, 3x6 Custom Keyboard, Ready to Use",27.24,2026-08-25 23:38:10
166,etsy,"KeebDeck-Style Keyboard – PCB Style, Backlit Silicone, Hand-Assembled, Cyberdeck Ready! | QMK & VIA Ready",39.0,2026-08-25 23:38:10
167,etsy,Princess Mononoke Ghibli Inspired 141 Keycaps Set | PBT Molded for MX Style Switches,75.0,2026-08-25 23:38:10
168,etsy,White RGB Mechanical Keyboard | Backlit Gaming Keycaps | Hot Swappable | Custom Layout,120.0,2026-08-25 23:38:10
169,etsy,Split Keyboard Wireless Full Layout | Alice Ergonomic Mechanical Keyboard | Prebuilt or Barebone | 2.4G Wireless,38.35,2026-08-25 23:38:10
170,etsy,Pabile DIY P40 40-Key 4x10 Grid Programmable Wired RP2040 or BLE NRF52840 Mechanical Keyboard PCB Assembly Kit,65.15,2026-08-25 23:38:10
171,etsy,Retro Black Walnut Bluetooth Mechanical Keyboard Gift Set,1100.0,2026-08-25 23:38:10
172,etsy,"Sofle Split Mechanical Keyboard, 2.4G Wireless Ergonomic Custom Keyboard, VIAL Remappable, XDA Keycaps, Pre Built",105.07,2026-08-25 23:38:10
173,etsy,"129 Pcs Sakura Cherry Blossom MOA Profile PBT Keycaps,Dye Sub Key Cap Set, Mechanical Keyboard Keycap,Pink Floral Keycaps,Gaming Keycap Set",58.73,2026-08-25 23:38:10
174,etsy,"Totem Split Ergonomic Keyboard, 38 Keys, Choc Red Hotswap, ZMK Bluetooth Case",43.94,2026-08-25 23:38:10
175,etsy,"Custom Pink Goth Keyboard with Numpad | RGB Gaming Desk Setup, Hall Effect Switches",275.0,2026-08-25 23:38:10
176,etsy,99 Pcs Pastel Pink Cute Cat Mechanical Keyboard MOG Profile Keycap Kawaii Keycaps Set Cartoon Animal Gift for Cat Lovers Girls,100.03,2026-08-25 23:38:10
177,etsy,Custom Mechanical Keyboard | Choose Any Build from Sound Tests | Built to Order | Hand-Lubed & Tuned,179.0,2026-08-25 23:38:10
178,etsy,"Sofle Keyboard Wireless & Wired - Choc Split, Low-Profile Ergonomic Quiet Keyboard",268.52,2026-08-25 23:38:10
179,etsy,"Anime Keycaps Set 129 Keys PBT Cherry Profile – Dye Sublimation Keycaps for Mechanical Keyboard, MX Compatible, Gaming Desk Setup",73.01,2026-08-25 23:38:10
180,etsy,The Aviator Keyboard - Datamancer Aluminum Steampunk Keyboard Mechanical Typewriter,799.5,2026-08-25 23:38:10
181,etsy,Hummingbird Split Mechanical Keyboard - Ultra-Compact 30-Key - Fully Assembled,109.85,2026-08-25 23:38:10
182,etsy,Backlight Gaming Mechanical Wired Keyboard 104-Key USB Interface Red Switch,100.0,2026-08-25 23:38:10
183,etsy,"Retro Typewriter Mechanical Keyboard, Tri-Mode Wireless RGB Hot-Swap (84-Key)",322.63,2026-08-25 23:38:10
184,etsy,"Vintage Aesthetic Keycap Set, Beige Retro Art Keycaps, Elegant Custom Mechanical Keyboard Keycaps, Classic Desk Setup, MX Switch Compatible",59.49,2026-08-25 23:38:10
185,etsy,Macropad With Knob | Programmable Keys (QMK/Vial),109.0,2026-08-25 23:38:10
186,etsy,"Green Crystal Transparent Keycaps, Cherry Profile PC Keycap Set, Custom Mechanical Keyboard Keycaps, Wooting MX Compatible",65.8,2026-08-25 23:38:10
187,etsy,"Black Crystal Backlit Keycaps, RGB Shine Through Side Printed Keycap Set, Glossy OEM Keycaps for MX Mechanical Keyboard",57.9,2026-08-25 23:38:10
188,etsy,"4 Color Dark Academia Keycaps Set,140pcs PBT Dye-Sub Cherry Profile Keycaps,Vintage Magic Book Theme,Custom Keycaps for Mech Keyboard",69.99,2026-08-25 23:38:10
189,etsy,Corne v4 Keyboard. Pre-Built Split Ergonomic RGB Mechanical Keyboard. MX Hotswap Version,169.66,2026-08-25 23:38:10
190,etsy,"Manga Sketch Keycap Set, PBT Cherry Profile, 136 Keys (Hangul)",79.34,2026-08-25 23:38:11
191,etsy,Corne Keyboard. MX Hotswap Split Ergonomic Keyboard,102.53,2026-08-25 23:38:11
192,etsy,"Steampunk Pink Mechanical Keyboard: Bluetooth Wireless, 83 Keycaps",122.85,2026-08-25 23:38:11
193,etsy,"CORNE V4 Split Mechanical Keyboard , Compact Split Layout, Split Ergonomic Mechanical Keyboard,Supports RGB Lighting, Supports RGB lighting",97.54,2026-08-25 23:38:11
194,etsy,Customizable Name Retro Typewriter-Inspired Mechanical Keyboard Wireless Bluetooth,97.19,2026-08-25 23:38:11
195,etsy,"Japanese Anime Keycaps – EVA Unit-01 from Evangelion, 148 PBT Cherry Keys, Dual Legends (Top + Side Print), Mecha Aesthetic, Custom keyboard",61.69,2026-08-25 23:38:11
196,etsy,Sofle Choc Split Mechanical Keyboard,265.0,2026-08-25 23:38:11
197,gymshark,Geo Seamless Long Sleeve T-Shirt,40.0,2026-08-26 00:09:02
198,gymshark,Geo Seamless Tank,32.0,2026-08-26 00:09:02
199,gymshark,Conditioning Club Oversized T-Shirt,36.0,2026-08-26 00:09:02
200,gymshark,Washed Pastels T-Shirt,36.0,2026-08-26 00:09:02
201,gymshark,Crest Oversized T-Shirt,26.0,2026-08-26 00:09:02
202,gymshark,Power T-Shirt,36.0,2026-08-26 00:09:02
203,gymshark,Shadow Seamless T Shirt,44.0,2026-08-26 00:09:02
204,gymshark,Arrival Oversized T-Shirt,26.0,2026-08-26 00:09:03
205,gymshark,Conditioning Club Tank,30.0,2026-08-26 00:09:03
206,gymshark,Faded Collegiate Graphic T-Shirt,32.0,2026-08-26 00:09:03
207,gymshark,Train T-Shirt,28.0,2026-08-26 00:09:03
208,gymshark,Distance Seamless T-Shirt,50.0,2026-08-26 00:09:03
209,gymshark,Cotton Seamless T-Shirt,32.0,2026-08-26 00:09:03
210,gymshark,Campus Crest T-Shirt,28.0,2026-08-26 00:09:03
211,gymshark,Cotton Seamless Sleeveless Top,30.0,2026-08-26 00:09:03
212,gymshark,Devant Seamless T-Shirt,38.0,2026-08-26 00:09:03
213,gymshark,Arrival T-Shirt,22.0,2026-08-26 00:09:03
214,gymshark,Train Cut Off Tank,25.0,2026-08-26 00:09:03
215,gymshark,Devant Seamless Tank,34.0,2026-08-26 00:09:03
216,gymshark,GSLC Cut off tank,34.0,2026-08-26 00:09:03
217,gymshark,Super Soft Muscle Tee,32.0,2026-08-26 00:09:04
218,gymshark,Arrival Tank,20.0,2026-08-26 00:09:04
219,gymshark,GSLC Stringer,26.0,2026-08-26 00:09:04
220,gymshark,Geo Seamless T-Shirt,36.0,2026-08-26 00:09:04
221,gymshark,Ribbed Tank 1PK,16.0,2026-08-26 00:09:04
222,gymshark,Versatile Seamless T-Shirt,38.0,2026-08-26 00:09:04
223,gymshark,Element Baselayer T-Shirt,28.0,2026-08-26 00:09:04
224,gymshark,Conditioning Club Washed T-Shirt,40.0,2026-08-26 00:09:04
225,gymshark,Running T-Shirt,38.0,2026-08-26 00:09:04
226,gymshark,Element Tank,24.0,2026-08-26 00:09:04
227,gymshark,Crest T-Shirt,22.0,2026-08-26 00:09:04
228,gymshark,Lightweight Seamless T-Shirt,30.0,2026-08-26 00:09:04
229,gymshark,Power Cut Off Tank,30.0,2026-08-26 00:09:05
230,gymshark,Geo Seamless Grid T-Shirt,36.0,2026-08-26 00:09:05
231,gymshark,Conditioning Club Washed Tank,34.0,2026-08-26 00:09:05
232,gymshark,Vital Tank,32.0,2026-08-26 00:09:05
233,gymshark,Arrival Contrast T-Shirt,24.0,2026-08-26 00:09:05
234,gymshark,Legacy T-Shirt,28.0,2026-08-26 00:09:05
235,gymshark,Running Tank,32.0,2026-08-26 00:09:05
236,gymshark,Versatile Seamless Tank,36.0,2026-08-26 00:09:05
237,gymshark,Lightweight Seamless Tank,26.0,2026-08-26 00:09:05
238,gymshark,Critical 2.0 Drop Arm Tank,24.0,2026-08-26 00:09:05
239,gymshark,Critical Tank,24.0,2026-08-26 00:09:05
240,gymshark,Power Stringer,28.0,2026-08-26 00:09:05
241,gymshark,Gymshark x Frazetta x Run Club Tank,68.0,2026-08-26 00:09:05
242,gymshark,Critical Cut Off Tank,24.0,2026-08-26 00:09:05
243,gymshark,Summer Pump T-Shirt,34.0,2026-08-26 00:09:05
244,gymshark,Vital Seamless T-Shirt,38.0,2026-08-26 00:09:05
245,gymshark,Built For More T-Shirt,28.0,2026-08-26 00:09:05
246,gymshark,Hybrid Engineered Jacquard T-Shirt,68.0,2026-08-26 00:09:05
247,gymshark,"Arrival 5"" Shorts",26.0,2026-08-26 00:09:05
248,gymshark,Washed Pastels Tank,32.0,2026-08-26 00:09:05
249,gymshark,Washed Pastels Shorts,38.0,2026-08-26 00:09:06
250,gymshark,Geo Seamless Long Sleeve T-Shirt,40.0,2026-08-26 00:12:24
251,gymshark,Geo Seamless Tank,32.0,2026-08-26 00:12:24
252,gymshark,Conditioning Club Oversized T-Shirt,36.0,2026-08-26 00:12:24
253,gymshark,Washed Pastels T-Shirt,36.0,2026-08-26 00:12:25
254,gymshark,Crest Oversized T-Shirt,26.0,2026-08-26 00:12:25
255,gymshark,Power T-Shirt,36.0,2026-08-26 00:12:25
256,gymshark,Shadow Seamless T Shirt,44.0,2026-08-26 00:12:25
257,gymshark,Arrival Oversized T-Shirt,26.0,2026-08-26 00:12:25
258,gymshark,Conditioning Club Tank,30.0,2026-08-26 00:12:25
259,gymshark,Faded Collegiate Graphic T-Shirt,32.0,2026-08-26 00:12:25
260,gymshark,Train T-Shirt,28.0,2026-08-26 00:12:25
261,gymshark,Distance Seamless T-Shirt,50.0,2026-08-26 00:12:25
262,gymshark,Cotton Seamless T-Shirt,32.0,2026-08-26 00:12:25
263,gymshark,Campus Crest T-Shirt,28.0,2026-08-26 00:12:25
264,gymshark,Cotton Seamless Sleeveless Top,30.0,2026-08-26 00:12:25
265,gymshark,Devant Seamless T-Shirt,38.0,2026-08-26 00:12:25
266,gymshark,Arrival T-Shirt,22.0,2026-08-26 00:12:25
267,gymshark,Train Cut Off Tank,25.0,2026-08-26 00:12:25
268,gymshark,Devant Seamless Tank,34.0,2026-08-26 00:12:25
269,gymshark,GSLC Cut off tank,34.0,2026-08-26 00:12:25
270,gymshark,Super Soft Muscle Tee,32.0,2026-08-26 00:12:25
271,gymshark,Arrival Tank,20.0,2026-08-26 00:12:25
272,gymshark,GSLC Stringer,26.0,2026-08-26 00:12:25
273,gymshark,Geo Seamless T-Shirt,36.0,2026-08-26 00:12:26
274,gymshark,Ribbed Tank 1PK,16.0,2026-08-26 00:12:26
275,gymshark,Versatile Seamless T-Shirt,38.0,2026-08-26 00:12:26
276,gymshark,Element Baselayer T-Shirt,28.0,2026-08-26 00:12:26
277,gymshark,Conditioning Club Washed T-Shirt,40.0,2026-08-26 00:12:26
278,gymshark,Running T-Shirt,38.0,2026-08-26 00:12:26
279,gymshark,Element Tank,24.0,2026-08-26 00:12:26
280,gymshark,Crest T-Shirt,22.0,2026-08-26 00:12:26
281,gymshark,Lightweight Seamless T-Shirt,30.0,2026-08-26 00:12:26
282,gymshark,Power Cut Off Tank,30.0,2026-08-26 00:12:26
283,gymshark,Geo Seamless Grid T-Shirt,36.0,2026-08-26 00:12:26
284,gymshark,Conditioning Club Washed Tank,34.0,2026-08-26 00:12:26
285,gymshark,Vital Tank,32.0,2026-08-26 00:12:26
286,gymshark,Arrival Contrast T-Shirt,24.0,2026-08-26 00:12:26
287,gymshark,Legacy T-Shirt,28.0,2026-08-26 00:12:26
288,gymshark,Running Tank,32.0,2026-08-26 00:12:27
289,gymshark,Versatile Seamless Tank,36.0,2026-08-26 00:12:27
290,gymshark,Lightweight Seamless Tank,26.0,2026-08-26 00:12:27
291,gymshark,Critical 2.0 Drop Arm Tank,24.0,2026-08-26 00:12:27
292,gymshark,Critical Tank,24.0,2026-08-26 00:12:27
293,gymshark,Power Stringer,28.0,2026-08-26 00:12:27
294,gymshark,Gymshark x Frazetta x Run Club Tank,68.0,2026-08-26 00:12:27
295,gymshark,Critical Cut Off Tank,24.0,2026-08-26 00:12:27
296,gymshark,Summer Pump T-Shirt,34.0,2026-08-26 00:12:27
297,gymshark,Vital Seamless T-Shirt,38.0,2026-08-26 00:12:27
298,gymshark,Built For More T-Shirt,28.0,2026-08-26 00:12:27
299,gymshark,Hybrid Engineered Jacquard T-Shirt,68.0,2026-08-26 00:12:27
300,gymshark,"Arrival 5"" Shorts",26.0,2026-08-26 00:12:27
301,gymshark,Washed Pastels Tank,32.0,2026-08-26 00:12:27
302,gymshark,Washed Pastels Shorts,38.0,2026-08-26 00:12:27
303,gymshark,Geo Seamless Long Sleeve T-Shirt,40.0,2026-08-26 00:14:29
304,gymshark,Geo Seamless Tank,32.0,2026-08-26 00:14:29
305,gymshark,Conditioning Club Oversized T-Shirt,36.0,2026-08-26 00:14:29
306,gymshark,Washed Pastels T-Shirt,36.0,2026-08-26 00:14:29
307,gymshark,Crest Oversized T-Shirt,26.0,2026-08-26 00:14:29
308,gymshark,Power T-Shirt,36.0,2026-08-26 00:14:29
309,gymshark,Shadow Seamless T Shirt,44.0,2026-08-26 00:14:29
310,gymshark,Arrival Oversized T-Shirt,26.0,2026-08-26 00:14:29
311,gymshark,Conditioning Club Tank,30.0,2026-08-26 00:14:29
312,gymshark,Faded Collegiate Graphic T-Shirt,32.0,2026-08-26 00:14:29
313,gymshark,Train T-Shirt,28.0,2026-08-26 00:14:29
314,gymshark,Distance Seamless T-Shirt,50.0,2026-08-26 00:14:29
315,gymshark,Cotton Seamless T-Shirt,32.0,2026-08-26 00:14:29
316,gymshark,Campus Crest T-Shirt,28.0,2026-08-26 00:14:29
317,gymshark,Cotton Seamless Sleeveless Top,30.0,2026-08-26 00:14:29
318,gymshark,Devant Seamless T-Shirt,38.0,2026-08-26 00:14:29
319,gymshark,Arrival T-Shirt,22.0,2026-08-26 00:14:29
320,gymshark,Train Cut Off Tank,25.0,2026-08-26 00:14:29
321,gymshark,Devant Seamless Tank,34.0,2026-08-26 00:14:29
322,gymshark,GSLC Cut off tank,34.0,2026-08-26 00:14:29
323,gymshark,Super Soft Muscle Tee,32.0,2026-08-26 00:14:29
324,gymshark,Arrival Tank,20.0,2026-08-26 00:14:30
325,gymshark,GSLC Stringer,26.0,2026-08-26 00:14:30
326,gymshark,Geo Seamless T-Shirt,36.0,2026-08-26 00:14:30
327,gymshark,Ribbed Tank 1PK,16.0,2026-08-26 00:14:30
328,gymshark,Versatile Seamless T-Shirt,38.0,2026-08-26 00:14:30
329,gymshark,Element Baselayer T-Shirt,28.0,2026-08-26 00:14:30
330,gymshark,Conditioning Club Washed T-Shirt,40.0,2026-08-26 00:14:30
331,gymshark,Running T-Shirt,38.0,2026-08-26 00:14:30
332,gymshark,Element Tank,24.0,2026-08-26 00:14:30
333,gymshark,Crest T-Shirt,22.0,2026-08-26 00:14:30
334,gymshark,Lightweight Seamless T-Shirt,30.0,2026-08-26 00:14:30
335,gymshark,Power Cut Off Tank,30.0,2026-08-26 00:14:31
336,gymshark,Geo Seamless Grid T-Shirt,36.0,2026-08-26 00:14:31
337,gymshark,Conditioning Club Washed Tank,34.0,2026-08-26 00:14:31
338,gymshark,Vital Tank,32.0,2026-08-26 00:14:31
339,gymshark,Arrival Contrast T-Shirt,24.0,2026-08-26 00:14:31
340,gymshark,Legacy T-Shirt,28.0,2026-08-26 00:14:31
341,gymshark,Running Tank,32.0,2026-08-26 00:14:31
342,gymshark,Versatile Seamless Tank,36.0,2026-08-26 00:14:31
343,gymshark,Lightweight Seamless Tank,26.0,2026-08-26 00:14:31
344,gymshark,Critical 2.0 Drop Arm Tank,24.0,2026-08-26 00:14:31
345,gymshark,Critical Tank,24.0,2026-08-26 00:14:31
346,gymshark,Power Stringer,28.0,2026-08-26 00:14:31
347,gymshark,Gymshark x Frazetta x Run Club Tank,68.0,2026-08-26 00:14:31
348,gymshark,Critical Cut Off Tank,24.0,2026-08-26 00:14:31
349,gymshark,Summer Pump T-Shirt,34.0,2026-08-26 00:14:31
350,gymshark,Vital Seamless T-Shirt,38.0,2026-08-26 00:14:31
351,gymshark,Built For More T-Shirt,28.0,2026-08-26 00:14:32
352,gymshark,Hybrid Engineered Jacquard T-Shirt,68.0,2026-08-26 00:14:32
353,gymshark,"Arrival 5"" Shorts",26.0,2026-08-26 00:14:32
354,gymshark,Washed Pastels Tank,32.0,2026-08-26 00:14:32
355,gymshark,Washed Pastels Shorts,38.0,2026-08-26 00:14:32
356,gymshark,Geo Seamless Long Sleeve T-Shirt,40.0,2026-08-26 00:17:00
357,gymshark,Geo Seamless Tank,32.0,2026-08-26 00:17:00
358,gymshark,Conditioning Club Oversized T-Shirt,36.0,2026-08-26 00:17:00
359,gymshark,Washed Pastels T-Shirt,36.0,2026-08-26 00:17:01
360,gymshark,Crest Oversized T-Shirt,26.0,2026-08-26 00:17:01
361,gymshark,Power T-Shirt,36.0,2026-08-26 00:17:01
362,gymshark,Shadow Seamless T Shirt,44.0,2026-08-26 00:17:01
363,gymshark,Arrival Oversized T-Shirt,26.0,2026-08-26 00:17:01
364,gymshark,Conditioning Club Tank,30.0,2026-08-26 00:17:01
365,gymshark,Faded Collegiate Graphic T-Shirt,32.0,2026-08-26 00:17:01
366,gymshark,Train T-Shirt,28.0,2026-08-26 00:17:01
367,gymshark,Distance Seamless T-Shirt,50.0,2026-08-26 00:17:01
368,gymshark,Cotton Seamless T-Shirt,32.0,2026-08-26 00:17:01
369,gymshark,Campus Crest T-Shirt,28.0,2026-08-26 00:17:01
370,gymshark,Cotton Seamless Sleeveless Top,30.0,2026-08-26 00:17:01
371,gymshark,Devant Seamless T-Shirt,38.0,2026-08-26 00:17:01
372,gymshark,Arrival T-Shirt,22.0,2026-08-26 00:17:01
373,gymshark,Train Cut Off Tank,25.0,2026-08-26 00:17:01
374,gymshark,Devant Seamless Tank,34.0,2026-08-26 00:17:01
375,gymshark,GSLC Cut off tank,34.0,2026-08-26 00:17:01
376,gymshark,Super Soft Muscle Tee,32.0,2026-08-26 00:17:01
377,gymshark,Arrival Tank,20.0,2026-08-26 00:17:01
378,gymshark,GSLC Stringer,26.0,2026-08-26 00:17:02
379,gymshark,Geo Seamless T-Shirt,36.0,2026-08-26 00:17:02
380,gymshark,Ribbed Tank 1PK,16.0,2026-08-26 00:17:02
381,gymshark,Versatile Seamless T-Shirt,38.0,2026-08-26 00:17:02
382,gymshark,Element Baselayer T-Shirt,28.0,2026-08-26 00:17:02
383,gymshark,Conditioning Club Washed T-Shirt,40.0,2026-08-26 00:17:02
384,gymshark,Running T-Shirt,38.0,2026-08-26 00:17:02
385,gymshark,Element Tank,24.0,2026-08-26 00:17:02
386,gymshark,Crest T-Shirt,22.0,2026-08-26 00:17:02
387,gymshark,Lightweight Seamless T-Shirt,30.0,2026-08-26 00:17:02
388,gymshark,Power Cut Off Tank,30.0,2026-08-26 00:17:03
389,gymshark,Geo Seamless Grid T-Shirt,36.0,2026-08-26 00:17:03
390,gymshark,Conditioning Club Washed Tank,34.0,2026-08-26 00:17:03
391,gymshark,Vital Tank,32.0,2026-08-26 00:17:03
392,gymshark,Arrival Contrast T-Shirt,24.0,2026-08-26 00:17:03
393,gymshark,Legacy T-Shirt,28.0,2026-08-26 00:17:03
394,gymshark,Running Tank,32.0,2026-08-26 00:17:03
395,gymshark,Versatile Seamless Tank,36.0,2026-08-26 00:17:03
396,gymshark,Lightweight Seamless Tank,26.0,2026-08-26 00:17:03
397,gymshark,Critical 2.0 Drop Arm Tank,24.0,2026-08-26 00:17:03
398,gymshark,Critical Tank,24.0,2026-08-26 00:17:03
399,gymshark,Power Stringer,28.0,2026-08-26 00:17:03
400,gymshark,Gymshark x Frazetta x Run Club Tank,68.0,2026-08-26 00:17:03
401,gymshark,Critical Cut Off Tank,24.0,2026-08-26 00:17:03
402,gymshark,Summer Pump T-Shirt,34.0,2026-08-26 00:17:04
403,gymshark,Vital Seamless T-Shirt,38.0,2026-08-26 00:17:04
404,gymshark,Built For More T-Shirt,28.0,2026-08-26 00:17:04
405,gymshark,Hybrid Engineered Jacquard T-Shirt,68.0,2026-08-26 00:17:04
406,gymshark,"Arrival 5"" Shorts",26.0,2026-08-26 00:17:04
407,gymshark,Washed Pastels Tank,32.0,2026-08-26 00:17:04
408,gymshark,Washed Pastels Shorts,38.0,2026-08-26 00:17:04
409,gymshark,Crest Oversized T-Shirt,26.0,2026-08-31 00:40:27
410,gymshark,Geo Seamless Tank,32.0,2026-08-31 00:40:27
411,gymshark,Geo Seamless T-Shirt,36.0,2026-08-31 00:40:27
412,gymshark,Arrival Long Sleeve T-Shirt,26.0,2026-08-31 00:40:27
413,gymshark,Power T-Shirt,36.0,2026-08-31 00:40:27
414,gymshark,Element Baselayer T-Shirt,28.0,2026-08-31 00:40:27
415,gymshark,Ribbed Tank 1PK,16.0,2026-08-31 00:40:27
416,gymshark,Running Boxy T-Shirt,40.0,2026-08-31 00:40:27
417,gymshark,Train T-Shirt,28.0,2026-08-31 00:40:27
418,gymshark,Power Cut Off Tank,30.0,2026-08-31 00:40:27
419,gymshark,Seamless Running T-Shirt,50.0,2026-08-31 00:40:27
420,gymshark,Cotton Seamless T-Shirt,32.0,2026-08-31 00:40:27
421,gymshark,Distance Seamless T-Shirt,50.0,2026-08-31 00:40:27
422,gymshark,Running T-Shirt,38.0,2026-08-31 00:40:27
423,gymshark,Running Elite Reg Fit T-Shirt,70.0,2026-08-31 00:40:27
424,gymshark,Running Boxy Tank,32.0,2026-08-31 00:40:27
425,gymshark,Power Stringer,28.0,2026-08-31 00:40:27
426,gymshark,Cotton Seamless Sleeveless Top,30.0,2026-08-31 00:40:27
427,gymshark,Train Cut Off Tank,25.0,2026-08-31 00:40:27
428,gymshark,Running Tank,32.0,2026-08-31 00:40:27
429,gymshark,Faded Collegiate Graphic T-Shirt,32.0,2026-08-31 00:40:28
430,gymshark,Motion Blur Graphic Tank,30.0,2026-08-31 00:40:28
431,gymshark,Arrival Oversized T-Shirt,26.0,2026-08-31 00:40:28
432,gymshark,Hybrid T-Shirt,50.0,2026-08-31 00:40:28
433,gymshark,Arrival T-Shirt,22.0,2026-08-31 00:40:28
434,gymshark,GSLC Cut off tank,34.0,2026-08-31 00:40:28
435,gymshark,Arrival Tank,20.0,2026-08-31 00:40:28
436,gymshark,GSLC Stringer,26.0,2026-08-31 00:40:28
437,gymshark,Conditioning Club Tank,30.0,2026-08-31 00:40:28
438,gymshark,Crest T-Shirt,22.0,2026-08-31 00:40:28
439,gymshark,Conditioning Club Oversized T-Shirt,36.0,2026-08-31 00:40:28
440,gymshark,Shadow Seamless T Shirt,44.0,2026-08-31 00:40:28
441,gymshark,Washed Pastels T-Shirt,36.0,2026-08-31 00:40:28
442,gymshark,Versatile Seamless T-Shirt,38.0,2026-08-31 00:40:28
443,gymshark,Element Tank,24.0,2026-08-31 00:40:28
444,gymshark,Lightweight Seamless T-Shirt,30.0,2026-08-31 00:40:28
445,gymshark,Conditioning Club Washed T-Shirt,40.0,2026-08-31 00:40:28
446,gymshark,Vital Tank,32.0,2026-08-31 00:40:28
447,gymshark,Arrival Oversized Tank,24.0,2026-08-31 00:40:28
448,gymshark,Versatile Seamless Tank,36.0,2026-08-31 00:40:28
449,gymshark,Gymshark x Frazetta x Run Club Tank,68.0,2026-08-31 00:40:28
450,gymshark,Conditioning Club Washed Tank,34.0,2026-08-31 00:40:28
451,gymshark,Legacy T-Shirt,28.0,2026-08-31 00:40:28
452,gymshark,Geo Seamless Grid T-Shirt,36.0,2026-08-31 00:40:28
453,gymshark,Arrival Contrast T-Shirt,24.0,2026-08-31 00:40:28
454,gymshark,Lightweight Seamless Tank,26.0,2026-08-31 00:40:28
455,gymshark,Critical Tank,24.0,2026-08-31 00:40:28
456,gymshark,"Arrival 5"" Shorts",26.0,2026-08-31 00:40:28
457,gymshark,Washed Pastels Tank,32.0,2026-08-31 00:40:28
458,gymshark,Washed Pastels Shorts,38.0,2026-08-31 00:40:28
459,etsy,Solid Walnut Wood Custom Mechanical Keyboard Kit Tri-Mode RGB For Cherry MX Switches,169.0,2026-08-31 00:40:34
460,etsy,"Retro Wireless Mechanical Keyboard, Wood Grain Design, RGB, QMK/VIA, Hot-Swappable, Bluetooth/2.4G",287.96,2026-08-31 00:40:34
461,etsy,Anime Gengar Keycap Set  / Gift for Gamers /  Cherry profile keycaps / PBT Keycaps,97.75,2026-08-31 00:40:34
462,etsy,Custom Full Size Wireless Mechanical Keyboard | Strawberry Shortcake Pink Aluminum Desk Setup Bundle,330.0,2026-08-31 00:40:34
463,etsy,"Black Walnut Wood 65% Mechanical Keyboard: Hot-Swappable, RGB Backlit, Bluetooth / 2.4G / USB-C, Windows & macOS",194.65,2026-08-31 00:40:34
464,etsy,"Ergonomic Split Curved Mechanical Keyboard 64 Keys Wired Custom Keyboard VIAL Programmable LED Light  Wrist Rest for Office, Creator, Gaming",126.75,2026-08-31 00:40:34
465,gymshark,Crest Oversized T-Shirt,26.0,2026-08-31 00:43:30
466,gymshark,Geo Seamless Tank,32.0,2026-08-31 00:43:30
467,gymshark,Geo Seamless T-Shirt,36.0,2026-08-31 00:43:30
468,gymshark,Arrival Long Sleeve T-Shirt,26.0,2026-08-31 00:43:30
469,gymshark,Power T-Shirt,36.0,2026-08-31 00:43:30
470,gymshark,Element Baselayer T-Shirt,28.0,2026-08-31 00:43:30
471,gymshark,Ribbed Tank 1PK,16.0,2026-08-31 00:43:30
472,gymshark,Running Boxy T-Shirt,40.0,2026-08-31 00:43:30
473,gymshark,Train T-Shirt,28.0,2026-08-31 00:43:30
474,gymshark,Power Cut Off Tank,30.0,2026-08-31 00:43:30
475,gymshark,Seamless Running T-Shirt,50.0,2026-08-31 00:43:30
476,gymshark,Cotton Seamless T-Shirt,32.0,2026-08-31 00:43:30
477,gymshark,Distance Seamless T-Shirt,50.0,2026-08-31 00:43:30
478,gymshark,Running T-Shirt,38.0,2026-08-31 00:43:30
479,gymshark,Running Elite Reg Fit T-Shirt,70.0,2026-08-31 00:43:30
480,gymshark,Running Boxy Tank,32.0,2026-08-31 00:43:30
481,gymshark,Power Stringer,28.0,2026-08-31 00:43:30
482,gymshark,Cotton Seamless Sleeveless Top,30.0,2026-08-31 00:43:30
483,gymshark,Train Cut Off Tank,25.0,2026-08-31 00:43:30
484,gymshark,Running Tank,32.0,2026-08-31 00:43:30
485,gymshark,Faded Collegiate Graphic T-Shirt,32.0,2026-08-31 00:43:31
486,gymshark,Motion Blur Graphic Tank,30.0,2026-08-31 00:43:31
487,gymshark,Arrival Oversized T-Shirt,26.0,2026-08-31 00:43:31
488,gymshark,Hybrid T-Shirt,50.0,2026-08-31 00:43:31
489,gymshark,Arrival T-Shirt,22.0,2026-08-31 00:43:31
490,gymshark,GSLC Cut off tank,34.0,2026-08-31 00:43:31
491,gymshark,Arrival Tank,20.0,2026-08-31 00:43:31
492,gymshark,GSLC Stringer,26.0,2026-08-31 00:43:31
493,gymshark,Conditioning Club Tank,30.0,2026-08-31 00:43:31
494,gymshark,Crest T-Shirt,22.0,2026-08-31 00:43:31
495,gymshark,Conditioning Club Oversized T-Shirt,36.0,2026-08-31 00:43:31
496,gymshark,Shadow Seamless T Shirt,44.0,2026-08-31 00:43:31
497,gymshark,Washed Pastels T-Shirt,36.0,2026-08-31 00:43:31
498,gymshark,Versatile Seamless T-Shirt,38.0,2026-08-31 00:43:31
499,gymshark,Element Tank,24.0,2026-08-31 00:43:32
500,gymshark,Lightweight Seamless T-Shirt,30.0,2026-08-31 00:43:32
501,gymshark,Conditioning Club Washed T-Shirt,40.0,2026-08-31 00:43:32
502,gymshark,Vital Tank,32.0,2026-08-31 00:43:32
503,gymshark,Arrival Oversized Tank,24.0,2026-08-31 00:43:32
504,gymshark,Versatile Seamless Tank,36.0,2026-08-31 00:43:32
505,gymshark,Gymshark x Frazetta x Run Club Tank,68.0,2026-08-31 00:43:32
506,gymshark,Conditioning Club Washed Tank,34.0,2026-08-31 00:43:32
507,gymshark,Legacy T-Shirt,28.0,2026-08-31 00:43:32
508,gymshark,Geo Seamless Grid T-Shirt,36.0,2026-08-31 00:43:32
509,gymshark,Arrival Contrast T-Shirt,24.0,2026-08-31 00:43:32
510,gymshark,Lightweight Seamless Tank,26.0,2026-08-31 00:43:32
511,gymshark,Critical Tank,24.0,2026-08-31 00:43:32
512,gymshark,Critical 2.0 Drop Arm Tank,24.0,2026-08-31 00:43:32
513,gymshark,Devant Seamless T-Shirt,38.0,2026-08-31 00:43:32
514,gymshark,Hybrid Engineered Jacquard T-Shirt,68.0,2026-08-31 00:43:32
515,gymshark,Vital Seamless T-Shirt,38.0,2026-08-31 00:43:32
516,gymshark,Campus Crest T-Shirt,28.0,2026-08-31 00:43:32
517,gymshark,Summer Pump T-Shirt,34.0,2026-08-31 00:43:32
518,gymshark,Built For More T-Shirt,28.0,2026-08-31 00:43:32
519,gymshark,Arrival Contrast Tank,22.0,2026-08-31 00:43:32
520,gymshark,Running Elite Race Vest,68.0,2026-08-31 00:43:32
521,gymshark,Devant Seamless Tank,34.0,2026-08-31 00:43:32
522,gymshark,Critical Cut Off Tank,24.0,2026-08-31 00:43:32
523,gymshark,Sport T-Shirt,32.0,2026-08-31 00:43:32
524,gymshark,Running Elite Tank,54.0,2026-08-31 00:43:32
525,gymshark,GSCC Graphic T-Shirt,32.0,2026-08-31 00:43:33
526,gymshark,Off Duty T-Shirt,36.0,2026-08-31 00:43:33
527,gymshark,Super Soft Muscle Tee,32.0,2026-08-31 00:43:33
528,gymshark,Washed Pastels Tank,32.0,2026-08-31 00:43:33
529,gymshark,Legacy Drop Arm Tank,24.0,2026-08-31 00:43:33
530,gymshark,Evolve T-Shirt,38.0,2026-08-31 00:43:33
531,gymshark,Distance Seamless Tank,44.0,2026-08-31 00:43:33
532,gymshark,Seamless Running Tank,46.0,2026-08-31 00:43:33
533,gymshark,Collective Mesh Contrast Jersey,46.0,2026-08-31 00:43:33
534,gymshark,Ribbed T-Shirt,24.0,2026-08-31 00:43:33
535,gymshark,Collective Mesh Wordmark Jersey,46.0,2026-08-31 00:43:33
536,gymshark,Critical Stringer,24.0,2026-08-31 00:43:33
537,gymshark,GSRC Stencil Graphic T-Shirt,40.0,2026-08-31 00:43:33
538,gymshark,Ath-State Graphic T-Shirt,40.0,2026-08-31 00:43:33
539,gymshark,Gymshark x Frazetta Power Stringer,42.0,2026-08-31 00:43:33
540,gymshark,Running Graphic T-Shirt,36.0,2026-08-31 00:43:33
541,gymshark,Vintage Legacy T-Shirt,32.0,2026-08-31 00:43:33
542,gymshark,Critical 2.0 Stringer,24.0,2026-08-31 00:43:33
543,gymshark,"Arrival 5"" Shorts",26.0,2026-08-31 00:43:33
544,gymshark,Washed Pastels Shorts,38.0,2026-08-31 00:43:34
545,etsy,Solid Walnut Wood Custom Mechanical Keyboard Kit Tri-Mode RGB For Cherry MX Switches,169.0,2026-08-31 00:43:38
546,etsy,"Retro Wireless Mechanical Keyboard, Wood Grain Design, RGB, QMK/VIA, Hot-Swappable, Bluetooth/2.4G",287.96,2026-08-31 00:43:38
547,etsy,High-End Japanese Ink-Style Custom 65% Keyboard,599.0,2026-08-31 00:43:38
548,etsy,Custom Full Size Wireless Mechanical Keyboard | Strawberry Shortcake Pink Aluminum Desk Setup Bundle,330.0,2026-08-31 00:43:38
549,etsy,"Black Walnut Wood 65% Mechanical Keyboard: Hot-Swappable, RGB Backlit, Bluetooth / 2.4G / USB-C, Windows & macOS",194.65,2026-08-31 00:43:38
550,etsy,Gothic Fragment Keycap Set | Memento Mori Inspired | 124 Keys PBT Cherry Profile | Ink Bleed Film Grain Aesthetic,65.04,2026-08-31 00:43:38
551,etsy,Wooden Keycaps: Black Walnut Wood Key Caps Artisan Mechanical Keyboard Keycap Set OEM Profile,11.04,2026-08-31 00:43:48
552,etsy,"129 Pcs Sakura Cherry Blossom MOA Profile PBT Keycaps,Dye Sub Key Cap Set, Mechanical Keyboard Keycap,Pink Floral Keycaps,Gaming Keycap Set",58.31,2026-08-31 00:43:48
553,etsy,"Corne Keyboard v4.1 Cherry,Split Ergonomic Mechanical Keyboard,Compact Split Layout, Supports RGB Lighting, Side-Engraved Translucent Keycap",131.15,2026-08-31 00:43:48
554,etsy,Side Printed Keycaps PBT Keycap Set MOA Profile Green Keycap Set Cute Custom Keycaps Full Keyboard Keycap Set Themed,62.25,2026-08-31 00:43:48
555,etsy,"Liquid Metal Keycap, Silver Chrome Artisan Keycap, Electroplated Mechanical Keyboard Keycap, Custom 3D Keycap, Keyboard Gamer Gift",28.06,2026-08-31 00:43:48
556,etsy,Tokyo Ghoul Kaneki Ken Keycap Set | One-Eyed Ghoul Vibes | 129 Keys PBT Cherry Profile | Front + Side-Printed | Backlit Ready,68.8,2026-08-31 00:43:48
557,etsy,"Afternoon Library 137 Keycaps, Coffee Inspired Creative Keycaps | Mechanical Keyboard Keycaps | Handmade Keycaps | Special Gifts",81.0,2026-08-31 00:43:48
558,etsy,"Sofle Split Mechanical Keyboard, 2.4G Wireless Ergonomic Custom Keyboard, VIAL Remappable, XDA Keycaps, Pre Built",105.07,2026-08-31 00:43:48
559,etsy,Custom Zoom64 Mechanical Keyboard | Full Metal Build | 60% Layout | WS POM+ | MCAPS Aluminium,594.17,2026-08-31 00:43:48
560,etsy,"Custom Dactyl Manuform Pro Trackball Wireless Ergonomic Split Keyboard: Hot-Swap MX, Built-in Trackball",399.89,2026-08-31 00:43:48
561,etsy,"Japanese Style Pokémon Keycap Set, 135 Keys PBT Cherry Profile, Mechanical Keyboard Keycaps, Artisan Keycaps, Bold Aesthetic, Gamer Style",54.74,2026-08-31 00:43:48
562,etsy,Custom 68-Key Mechanical Keyboard Wired Gaming Keyboard Side-Printed PBT Keycaps RGB Dye-Sublimation Block-Building Sandbox,29.89,2026-08-31 00:43:48
563,etsy,Princess Mononoke Ghibli Inspired 141 Keycaps Set | PBT Molded for MX Style Switches,75.0,2026-08-31 00:43:48
564,etsy,LOTR Lord Of the Rings Elvish Keycaps | Shine Through Custom Keycaps for RGB Mechanical Keyboards |,9.55,2026-08-31 00:43:48
565,etsy,"Flins Genshin Impact Keycaps : 137 Pcs, PTB Cherry Profile - Kyryll Chudomirovich Mechanical Keyboard Key Caps - Custom Gaming Gift for Woot",115.23,2026-08-31 00:43:48
566,etsy,"Hatsune Miku Keycap Set, Miku Anime Keycaps, PBT Gaming Key Caps, Cute Mechanical Keyboard Keys, Custom Spacebar Keycap",17.36,2026-08-31 00:43:48
567,etsy,"40 BALL Trackball Keyboard, Wired Mechanical Keyboard, Vial Remappable 40-Key Keyboard, MX Hot Swap",210.69,2026-08-31 00:43:48
568,etsy,68-Key Custom Keyboard Wireless Bluetooth 2.4G Tri-Mode RGB Mechanical Keyboard RGB-Lighting Dye-Sublimation Creeper Blockworld,29.89,2026-08-31 00:43:48
569,etsy,Vintage ROCNEX Mitsumi Keyboard E5XKBM10140 DIN 5-Pin Made in Japan w/ Box,34.99,2026-08-31 00:43:48
570,etsy,"Custom Corne Pro Wireless Ergonomic Split Keyboard - Pre-built, Ready-to-use Hotswappable Keyboard",159.96,2026-08-31 00:43:48
571,etsy,"Storm-Sky Flying-Bus 68-Key Mechanical Keyboard, Custom Wired-Gaming Keyboard, PBT Side-Printed OEM-Profile Dye-Sublimated Gamer Keycaps",29.89,2026-08-31 00:43:48
572,etsy,75 Pcs Pastel Black&White Cute Cat Mechanical Keyboard MAO Profile Keycap Kawaii Keycaps Set Cartoon Animal Gift for Cat Lovers Girls,94.97,2026-08-31 00:43:48
573,etsy,"Corne Keyboard Crkbd V4.1, Split Ergonomic Mechanical Keyboard, Supports RGB Lighting, Side-Engraved Translucent Keycap,Compact Split Layout",97.15,2026-08-31 00:43:48
574,etsy,"Farsi Keyboard USB HP Computer language keyboards, Bilingual Farsi Persian English layout Wired",77.9,2026-08-31 00:43:48
575,etsy,"3D print Resin Keycaps,cyberpunk keycaps,keyboard accessories",144.45,2026-08-31 00:43:48
576,etsy,"Genga.r keycap resin, custom  keycap,  gift for him, birthday gift, artisan keycap for mechanical keyboard",25.05,2026-08-31 00:43:48
577,etsy,"Anime Sea Thieves Artisan Keycap, Pirates Straw Hat Keycap, Custom Anime Keycap, Anime Keycap for Mechanical Keyboard, Halloween Gift",9.12,2026-08-31 00:43:48
578,etsy,"Japanese cherry blossoms Keycap Set,108 Cherry Keycaps,PBT Keycaps,Cherry MX Keycaps,Mechanical Keyboard Keycaps,Gifts For Gaming Lovers",69.99,2026-08-31 00:43:48
579,etsy,"Retro Queen Keycaps, Rose Gaming Keyboard, Red Cream Floral Key Set, Mechanical Keyboard Accessories, Royal Desk Setup, Gamer Gift, PC Decor",109.23,2026-08-31 00:43:48
580,etsy,"Retro Round Punk Keycap Set, Typewriter Style Mechanical Keyboard Keycaps, 104 Keys Circular Keycaps, Custom Gaming Keyboard Accessories",33.75,2026-08-31 00:43:48
581,etsy,"CORNE V4 Split Mechanical Keyboard,Split Ergonomic Mechanical Keyboard,Compact Split Layout, Supports RGB Lighting, Supports RGB lighting",97.15,2026-08-31 00:43:48
582,etsy,White RGB Mechanical Keyboard | Backlit Gaming Keycaps | Hot Swappable | Custom Layout,120.0,2026-08-31 00:43:48
583,etsy,KeyClicks W-Corne | 40% 2.4G Wireless Split Ergonomic Mechanical Keyboard,157.17,2026-08-31 00:43:48
584,etsy,The Aviator Keyboard - Datamancer Aluminum Steampunk Keyboard Mechanical Typewriter,799.5,2026-08-31 00:43:48
585,etsy,The Diviner Keyboard - Datamancer Wooden Steampunk Typewriter Keyboard Mechanical Elegant Victorian Style Acanthus Engraved Carved Walnut,649.99,2026-08-31 00:43:48
586,etsy,"Cute Backlit Keyboard Cable,8K Gaming Keyboard Cable,Custom Color,Cute USB-C Cable,Pink Mechanical Keyboard Cable,Wooting Cable,Gamer Gift",24.53,2026-08-31 00:43:48
587,etsy,"Seigaiha Artisan Metal Keycap: Antique Nickel Esc, Enter & Spacebar",28.31,2026-08-31 00:43:48
588,etsy,"Custom Cat Keyboard Fidget Toy | Mechanical ASMR Clicker, Stress Relief Desk Accessory (1-9 Keys),Gift for Friends & Kids",7.68,2026-08-31 00:43:48
589,etsy,Pixel Magic Book Artisan Keycap Handmade Fantasy Resin Keycap with Rotating Book RGB Light Effect for Mechanical Keyboard Gamer Desk Setup,36.29,2026-08-31 00:43:48
590,etsy,"Magic Cat Keycaps – Cute Blue Pink PBT Keycap Set, Kawaii Cat Mechanical Keyboard Keycaps, Pastel Dye Sublimation Cherry MX Compatible",36.0,2026-08-31 00:43:48
591,etsy,Anime Japanese Keycaps Set (129 Keys) | PBT Cherry Profile Mechanical Keyboard Keycap | Sublimated Design,45.66,2026-08-31 00:43:48
592,etsy,"Japanese Anime Keycaps – EVA Unit-01 from Evangelion, 148 PBT Cherry Keys, Dual Legends (Top + Side Print), Mecha Aesthetic, Custom keyboard",61.39,2026-08-31 00:43:48
593,etsy,"Retro Typewriter Mechanical Keyboard, Tri-Mode Wireless RGB Hot-Swap (84-Key)",319.97,2026-08-31 00:43:48
594,etsy,Retro game ortholinear split mechanical keyboard console - fully playable - re-mappable keys using QMK Vial (including in-game controls),69.46,2026-08-31 00:43:48
595,etsy,Sofle Keyboard,148.84,2026-08-31 00:43:48
596,etsy,Cozy Cafe Theme Coffee Latte Keycap Set for Mechanical Keyboard | Mocha & Plaid Design Keycaps – KeyArtisan®,48.99,2026-08-31 00:43:48
597,etsy,Handmade Jelly Resin Keycap: Simulated Sugar Sweet Artisan Keycap,20.8,2026-08-31 00:43:48
598,etsy,"Hand-Tufted Purple Ghost Wrist Rest Rug | Gaming Keyboard Mat, Spooky Decor",75.65,2026-08-31 00:43:48
599,etsy,"Cat Meme Custom Mechanical Keyboard -- Creamy and Marbly Sound, 65% Layout, Wireless, RGB",210.0,2026-08-31 00:43:48
600,etsy,"Harry Potter Brass Artisan Keycap, Hogwarts Castle and House Crest Backlit Mechanical Keyboard Gift",31.99,2026-08-31 00:43:48
601,etsy,99 Pcs Pastel Pink Cute Cat Mechanical Keyboard MAO Profile Keycap Kawaii Keycaps Set Cartoon Animal Gift for Cat Lovers Girls,99.97,2026-08-31 00:43:48
602,etsy,Customizable Name Retro Typewriter-Inspired Mechanical Keyboard Wireless Bluetooth,96.8,2026-08-31 00:43:48
603,etsy,Sofle Choc Wireless Split Mechanical Keyboard,230.0,2026-08-31 00:43:48
604,etsy,Sofle Choc Split Mechanical Keyboard,265.0,2026-08-31 00:43:48
605,etsy,68-Key Custom Wireless Bluetooth 2.4G Tri-Mode RGB-Lighting Mechanical Keyboard Dye-Sublimation Blockworld Adventure Creeper Steve,29.89,2026-08-31 00:43:48
606,etsy,Corne V4.1 Split Keyboard Low Profile Choc | Pre Built Ergonomic Keyboard | Hot Swap Keycaps Vial,110.62,2026-08-31 00:43:48
607,etsy,Pabile DIY P40 40-Key 4x10 Grid Programmable Wired RP2040 or BLE NRF52840 Mechanical Keyboard PCB Assembly Kit,64.47,2026-08-31 00:43:48
608,etsy,"143 Pcs Cute Pink Gaming Keycap Set, Cherry Profile PBT Dye Sublimation & PC Frosted Translucent Mechanical Keyboard Keycaps, Friends Gifts",68.81,2026-08-31 00:43:58
609,etsy,Ghibli Keycaps PBT Keycap Set Cute Anime Keycaps Full Keyboard Keycaps Custom Keyboard Caps,111.0,2026-08-31 00:43:58
610,etsy,Shirakami Fubuki Key Caps Set Hololive Vtuber Mechanical Keyboard - Key Cover PBT DYE Sublimation Cherry MX Cross Axis Switch KeyCap,110.43,2026-08-31 00:43:58
611,etsy,"Lily58 2.4G Wireless Barebone Keyboard, Split Ergonomic Mechanical Keyboard, Vial Remappable, No Soldering Required",132.86,2026-08-31 00:43:58
612,etsy,Corne Choc Wireless Split Keyboard – Low Profile Ergonomic Mechanical Keyboard,216.0,2026-08-31 00:43:58
613,etsy,"Green Keycap Set: 130 Keys RGB Shine-Through, Cherry Profile, Compatible with 60/65/75%/TKL/Full-Size MX Mechanical Keyboards",62.7,2026-08-31 00:43:58
614,etsy,"The Royal Wood Mechanical Keyboard Case,Custom Keyboard Case, Wooden Keyboard Cover, gift for him, gift for her,christmas gift,handmade gift",196.7,2026-08-31 00:43:58
615,etsy,Backlight Gaming Mechanical Wired Keyboard 104-Key USB Interface Red Switch,100.0,2026-08-31 00:43:58
616,etsy,"Japanese Anime Moon Eevee 108 Key Themed Keycap Set, PBTMaterial&Cherry Profile Custom Layout Mechanical Keyboard Keycap |DIY Keycap",82.5,2026-08-31 00:43:58
617,etsy,"Custom Keyball 61 Wireless Split Keyboard: Fully Built and Ready to Use, Bluetooth Wireless, Ergonomic Trackball, Hot-Swappable Choc Switch",319.91,2026-08-31 00:43:58
618,etsy,Wooden Keyboard MK-9 Retro Style Rustic industrial Solid Walnut Wood Keycaps Hot-Swap Switches,978.28,2026-08-31 00:43:58
619,etsy,PKM Artisan Spacebar Keycap: Custom Epoxy Resin OEM Profile,13.1,2026-08-31 00:43:58
620,etsy,"Syl.ve.on keycap resin, custom keycap, gift for him, birthday gift, artisan keycap for mechanical keyboard",25.05,2026-08-31 00:43:58
621,etsy,"Marble Keycap Set,108 Cherry Keycaps,PBT Keycaps,Cherry MX Keycaps,Mechanical Keyboard Keycaps, Blue & Gray Keycaps",69.99,2026-08-31 00:43:58
622,etsy,"Angel Aesthetic Blacklit Keyboard Cable,8K Gaming Keyboard Cable,Cute USB-C Cable,White Mechanical Keyboard Cable, Wooting Cable,Gamer Gift",24.53,2026-08-31 00:43:58
623,etsy,"Anime Keycaps Set 129 Keys PBT Cherry Profile – Dye Sublimation Keycaps for Mechanical Keyboard, MX Compatible, Gaming Desk Setup",71.8,2026-08-31 00:43:58
624,etsy,"Japanese Minimalist Style 127 Key Theme Keycap Set, PBT Material&Cherry Profile, Custom Mechanical Keyboard Keycaps, DIY Layout Keycaps",73.5,2026-08-31 00:43:58
625,etsy,Sofle MX Wireless Split Mechanical Keyboard,217.0,2026-08-31 00:43:58
626,etsy,Makima Anime Keycaps 134-Key Full Set PBT Cartoon Cross Axle Keycaps for Mechanical Keyboard Gift,59.4,2026-08-31 00:43:58
627,etsy,"Duck Themed Custom Mechanical Keyboard - Yellow Duck Keycaps, Thocky Sound, 75% Layout, Wireless, RGB",250.0,2026-08-31 00:43:58
628,etsy,"Sofle Keyboard Wireless & Wired - Choc Split, Low-Profile Ergonomic Quiet Keyboard",264.07,2026-08-31 00:43:58
629,etsy,Korean Dancheong Mechanical Keyboard | Artisan PBT Keycaps | Made in Korea,135.99,2026-08-31 00:44:01
630,etsy,"Corne V4.1 Gradient Split Keyboard, Fully Built Ready, Hot Swap Ortholinear Mechanical Keyboard, VIA QMK RGB",155.1,2026-08-31 00:44:01
631,etsy,"Hatsune Miku Keycap Set, Miku Anime PBT Keycaps, Cute Gaming Key Caps for Mechanical Keyboard, Full Custom Keyboard Set",47.64,2026-08-31 00:44:01
632,etsy,"Steampunk Mechanical Keyboard: Wireless Bluetooth, Colorful Keycaps",122.85,2026-08-31 00:44:01
633,etsy,"Handcrafted Leather Artisan Keycap, Vintage Cross-Stitch Mechanical Keyboard Keycaps",27.15,2026-08-31 00:44:01
634,etsy,Purple Matte Keycaps Set | 132 Keys | PC Material | Backlit Compatible | Mechanical Keyboard Keycaps,42.75,2026-08-31 00:44:01
635,etsy,UR65 Cute Melody Theme Mechanical Keyboard - Kawaii Tri-Mode RGB 65% Compact Keyboard | Keyartisan®,83.99,2026-08-31 00:44:01
636,etsy,Custom GMK87 Mechanical Keyboard | Customize Your Own | TKL/ 80% Layout | Hand-Lubed Switches & Modded Stabilizers | Wired/Wireless,194.0,2026-08-31 00:44:01
637,etsy,Lily58 MX with Trackpad Split Keyboard,237.0,2026-08-31 00:44:01
638,etsy,TogKey Pad Plus: 6-Key Programmable Macropad Mini Keyboard | Volume Knob | OLED Screen | RGB Lighting | Hot-Swap Mechanical Switches | QMK,45.0,2026-08-31 00:44:01
639,etsy,Choc-Corne | 40% 2.4G Wireless Split Ergonomic Mechanical Keyboard,142.13,2026-08-31 00:44:01
640,etsy,Cute Red Tiny Animals Mechanical Keyboard – Kawaii Tri-Mode RGB 65% Compact Keyboard | Keyartisan®,83.99,2026-08-31 00:44:01
641,etsy,Yamaha Portasound 37 Key Keyboard PSS-150 Battery Powered Tested Works Great,45.0,2026-08-31 00:44:01
642,etsy,Cute UR65 Chalk Puppy Mechanical Keyboard - Kawaii Tri-Mode RGB 65% Compact Keyboard | Keyartisan®,83.99,2026-08-31 00:44:01
643,etsy,Vintage Pride and Prejudice Keycap Set | Retro Book Lover Cherry Profile PBT Keyboard,39.0,2026-08-31 00:44:01
644,etsy,"3D Printed Cockatiel Keycap, Artisan Bird Keycap, Handmade Mechanical Keyboard Keycap, Cute Parrot Keycap, Custom Keyboard Decor, Bird Lover",16.2,2026-08-31 00:44:01
645,etsy,Original handmade logic cat personalized keycaps | Animal keycaps | Mechanical keyboard keycaps | Customizable keycaps | Resin keycap,15.45,2026-08-31 00:44:04
646,etsy,Tokyo Ghoul Kaneki Ken Keycap Set | One-Eyed Ghoul Vibes | 129 Keys PBT Cherry Profile | Front + Side-Printed | Backlit Ready,67.66,2026-08-31 00:44:04
647,etsy,"The Royal Wood Mechanical Keyboard Case, Mechanical Keyboard Case, Custom Keyboard Case, Wooden Keyboard Cover",498.8,2026-08-31 00:44:04
648,etsy,99 Pcs Pastel White Cute Cat Mechanical Keyboard MAO Profile Keycap Kawaii Keycaps Set Cartoon Animal Gift for Cat Lovers Girls,99.97,2026-08-31 00:44:04
649,etsy,"Manga Sketch Keycap Set, PBT Cherry Profile, 136 Keys (Hangul)",78.02,2026-08-31 00:44:04
650,etsy,"Custom PBT Keycaps, Book Character Themed, MX Mechanical Keyboard Switches",320.0,2026-08-31 00:44:04
651,etsy,"Custom Keyball 39 Wireless Split Keyboard: Fully Built and Ready to Use, Bluetooth Wireless, Ergonomic Trackball, Hot-Swappable MX Switches",319.91,2026-08-31 00:44:04
652,etsy,Kawaii Forest Keycaps Set (135 Keys) | Cottagecore PBT Keycaps for Mechanical Keyboard,71.78,2026-08-31 00:44:04
653,etsy,Lord of the Rings Keycap Set | Middle Earth Map Mechanical Keyboard | Fantasy Keycaps | LOTR Gift for Him,119.0,2026-08-31 00:44:04
654,etsy,Sterling Silver Skull Keycap for Mechanical Keyboards,83.95,2026-08-31 00:44:04
655,etsy,Glow in the Dark Seal Keycap | Random Pose | Handmade Resin Artisan Keycap,12.9,2026-08-31 00:44:04
656,etsy,Pokemon Keycaps Unown Set | Shine Through Custom Keycaps for RGB Mechanical Keyboards | Gift for Gamers |,20.76,2026-08-31 00:44:04
657,etsy,"Bronze Figurative Art Keyboard Switch – Hand-Cast Metal, Artistic Mechanical Keycap Decor",20.53,2026-08-31 00:44:04
658,etsy,Purple Constellation Keycaps Set – Zodiac Cosmic Custom Artisan PBT Keycaps for Mechanical Keyboard Cherry MX,105.33,2026-08-31 00:44:04
659,etsy,Corne V4.1 MX Split Keyboard | Ergonomic Hot Swap Wired | Pre Built Custom Keyboard VIA RGB,110.62,2026-08-31 00:44:04
660,etsy,"Frieren Keycaps Anime Keyboard Set, Beyond Journey End Inspired PBT Dye Sublimation Mechanical Keyboard Keycaps",98.99,2026-08-31 00:44:04
661,etsy,99 Pcs Pastel Pink Cute Cat Mechanical Keyboard MOG Profile Keycap Kawaii Keycaps Set Cartoon Animal Gift for Cat Lovers Girls,99.97,2026-08-31 00:44:04
662,etsy,"Strawberry Chocolate Creative 137Key Theme Key Set, PBT Material&MOA Height,Custom Mechanical Keyboard Keycap,DIY Layout Keycap|Resin Keycap",73.5,2026-08-31 00:44:04
663,etsy,Greenwich Field Mechanical Wireless Keyboard,200.0,2026-08-31 00:44:04
664,etsy,"Lotus58 Split Mechanical Keyboard ""Shine v2""",214.0,2026-08-31 00:44:04
665,etsy,"Creative Magic Starry Sky 181 Key Theme Key,PBT Material and Cherry Profile,134+37PC Keycap,Customized Layout Mechanical Keyboard Keycap",111.0,2026-08-31 00:44:04
666,gymshark,Crest Oversized T-Shirt,26.0,2026-09-03 00:37:49
667,gymshark,Power T-Shirt,36.0,2026-09-03 00:37:51
668,gymshark,Element Baselayer T-Shirt,28.0,2026-09-03 00:37:51
669,gymshark,Crest T-Shirt,22.0,2026-09-03 00:37:51
670,gymshark,Train T-Shirt,28.0,2026-09-03 00:37:51
671,gymshark,Shadow Seamless T Shirt,44.0,2026-09-03 00:37:51
672,gymshark,Geo Seamless T-Shirt,36.0,2026-09-03 00:37:51
673,gymshark,Arrival Long Sleeve T-Shirt,26.0,2026-09-03 00:37:51
674,gymshark,Arrival T-Shirt,22.0,2026-09-03 00:37:51
675,gymshark,Arrival Tank,20.0,2026-09-03 00:37:51
676,gymshark,Cotton Seamless T-Shirt,32.0,2026-09-03 00:37:51
677,gymshark,Running Boxy T-Shirt,40.0,2026-09-03 00:37:51
678,gymshark,Arrival Oversized T-Shirt,26.0,2026-09-03 00:37:51
679,gymshark,Ribbed Tank 1PK,16.0,2026-09-03 00:37:51
680,gymshark,Power Cut Off Tank,30.0,2026-09-03 00:37:51
681,gymshark,Train Cut Off Tank,25.0,2026-09-03 00:37:51
682,gymshark,Cotton Seamless Sleeveless Top,30.0,2026-09-03 00:37:51
683,gymshark,Running Boxy Tank,32.0,2026-09-03 00:37:52
684,gymshark,Faded Collegiate Graphic T-Shirt,32.0,2026-09-03 00:37:52
685,gymshark,Power Stringer,28.0,2026-09-03 00:37:52
686,gymshark,GSLC Cut off tank,34.0,2026-09-03 00:37:52
687,gymshark,Running T-Shirt,38.0,2026-09-03 00:37:52
688,gymshark,Seamless Running T-Shirt,50.0,2026-09-03 00:37:52
689,gymshark,Motion Blur Graphic Tank,30.0,2026-09-03 00:37:52
690,gymshark,Running Elite Reg Fit T-Shirt,70.0,2026-09-03 00:37:52
691,gymshark,Running Tank,32.0,2026-09-03 00:37:52
692,gymshark,Distance Seamless T-Shirt,50.0,2026-09-03 00:37:52
693,gymshark,Conditioning Club Tank,30.0,2026-09-03 00:37:52
694,gymshark,GSLC Stringer,26.0,2026-09-03 00:37:52
695,gymshark,Hybrid T-Shirt,50.0,2026-09-03 00:37:53
696,gymshark,Element Tank,24.0,2026-09-03 00:37:53
697,gymshark,Vital Seamless T-Shirt,38.0,2026-09-03 00:37:53
698,gymshark,Devant Seamless T-Shirt,38.0,2026-09-03 00:37:53
699,gymshark,Campus Crest T-Shirt,28.0,2026-09-03 00:37:53
700,gymshark,Conditioning Club Washed Tank,34.0,2026-09-03 00:37:53
701,gymshark,Vital Tank,32.0,2026-09-03 00:37:53
702,gymshark,Conditioning Club Washed T-Shirt,40.0,2026-09-03 00:37:53
703,gymshark,Geo Seamless Tank,32.0,2026-09-03 00:37:53
704,gymshark,Lightweight Seamless T-Shirt,30.0,2026-09-03 00:37:53
705,gymshark,Critical 2.0 Drop Arm Tank,24.0,2026-09-03 00:37:53
706,gymshark,Washed Pastels T-Shirt,36.0,2026-09-03 00:37:53
707,gymshark,Arrival Oversized Tank,24.0,2026-09-03 00:37:53
708,gymshark,Conditioning Club Oversized T-Shirt,36.0,2026-09-03 00:37:53
709,gymshark,Versatile Seamless T-Shirt,38.0,2026-09-03 00:37:53
710,gymshark,Legacy T-Shirt,28.0,2026-09-03 00:37:53
711,gymshark,Lightweight Seamless Tank,26.0,2026-09-03 00:37:53
712,gymshark,Devant Seamless Tank,34.0,2026-09-03 00:37:53
713,gymshark,Arrival Contrast T-Shirt,24.0,2026-09-03 00:37:53
714,gymshark,Geo Seamless Grid T-Shirt,36.0,2026-09-03 00:37:54
715,gymshark,Arrival Contrast Tank,22.0,2026-09-03 00:37:54
716,gymshark,Built For More T-Shirt,28.0,2026-09-03 00:37:54
717,gymshark,Versatile Seamless Tank,36.0,2026-09-03 00:37:54
718,gymshark,Summer Pump T-Shirt,34.0,2026-09-03 00:37:54
719,gymshark,Vintage Legacy T-Shirt,32.0,2026-09-03 00:37:54
720,gymshark,Critical Tank,24.0,2026-09-03 00:37:54
721,gymshark,Hybrid Engineered Jacquard T-Shirt,68.0,2026-09-03 00:37:54
722,gymshark,Super Soft Muscle Tee,32.0,2026-09-03 00:37:54
723,gymshark,Critical Stringer,24.0,2026-09-03 00:37:54
724,gymshark,Gymshark x Frazetta x Run Club Tank,68.0,2026-09-03 00:37:54
725,gymshark,Critical Cut Off Tank,24.0,2026-09-03 00:37:54
726,gymshark,Washed Pastels Tank,32.0,2026-09-03 00:37:54
727,gymshark,GSCC Graphic T-Shirt,32.0,2026-09-03 00:37:55
728,gymshark,Seamless Running Tank,46.0,2026-09-03 00:37:55
729,gymshark,Gymshark Training Graphic T-Shirt,40.0,2026-09-03 00:37:55
730,gymshark,Ribbed T-Shirt,24.0,2026-09-03 00:37:55
731,gymshark,GSRC Stencil Graphic T-Shirt,40.0,2026-09-03 00:37:55
732,gymshark,Collegiate Tech Tank,30.0,2026-09-03 00:37:55
733,gymshark,Running Graphic T-Shirt,36.0,2026-09-03 00:37:55
734,gymshark,Accent Boxy T-Shirt,32.0,2026-09-03 00:37:55
735,gymshark,Off Duty T-Shirt,36.0,2026-09-03 00:37:55
736,gymshark,Sport T-Shirt,32.0,2026-09-03 00:37:55
737,gymshark,Power Long Sleeve T-Shirt,40.0,2026-09-03 00:37:55
738,gymshark,Running Elite Long Sleeve T-Shirt,80.0,2026-09-03 00:37:55
739,gymshark,Cotton Seamless Long Sleeve T-Shirt,36.0,2026-09-03 00:37:55
740,gymshark,Train Long Sleeve T-Shirt,32.0,2026-09-03 00:37:55
741,gymshark,GSLC Raglan Long Sleeve T-Shirt,38.0,2026-09-03 00:37:55
742,gymshark,Arrival Oversized Long Sleeve T-Shirt,32.0,2026-09-03 00:37:55
743,gymshark,Element Baselayer Long Sleeve T-Shirt,32.0,2026-09-03 00:37:55
744,gymshark,Crest Long Sleeve T-Shirt,26.0,2026-09-03 00:37:55
745,gymshark,Shadow Seamless Long Sleeve T-Shirt,48.0,2026-09-03 00:37:55
746,gymshark,Geo Seamless Long Sleeve T-Shirt,40.0,2026-09-03 00:37:55
747,gymshark,Speed Evolve Long Sleeve T-Shirt,40.0,2026-09-03 00:37:56
748,gymshark,Devant Seamless Long Sleeve T-Shirt,42.0,2026-09-03 00:37:56
749,gymshark,Vital Long Sleeve T-Shirt,42.0,2026-09-03 00:37:56
750,gymshark,Geo Seamless T-Shirt,34.0,2026-09-03 00:37:56
751,gymshark,Collective Mesh Contrast Jersey,46.0,2026-09-03 00:37:56
752,gymshark,Olde English Tank,34.0,2026-09-03 00:37:56
753,gymshark,Chrome Graphic T-Shirt,40.0,2026-09-03 00:37:56
754,gymshark,Off Duty Tank,30.0,2026-09-03 00:37:56
755,gymshark,Olde English T-Shirt,38.0,2026-09-03 00:37:56
756,gymshark,Running Long Sleeve T-Shirt,42.0,2026-09-03 00:37:57
757,gymshark,Apollo Stringer,20.0,2026-09-03 00:37:57
758,gymshark,Critical 2.0 Stringer,24.0,2026-09-03 00:37:57
759,gymshark,Collegiate Tech T-Shirt,36.0,2026-09-03 00:37:57
760,gymshark,Legacy T-Shirt,32.0,2026-09-03 00:37:57
761,gymshark,Arrival Marl T-Shirt,22.0,2026-09-03 00:37:57
762,gymshark,Sport Short Sleeve T-Shirt,28.0,2026-09-03 00:37:57
763,gymshark,Athletic Division Graphic T-Shirt,32.0,2026-09-03 00:37:57
764,gymshark,Collective Mesh Wordmark Jersey,46.0,2026-09-03 00:37:57
765,gymshark,Block T-Shirt,26.0,2026-09-03 00:37:57
766,gymshark,2012 Strength T-Shirt,32.0,2026-09-03 00:37:57
767,gymshark,Vintage Legacy Tank,32.0,2026-09-03 00:37:57
768,gymshark,Re-Rack T-Shirt,36.0,2026-09-03 00:37:57
769,gymshark,Atlas T-Shirt,40.0,2026-09-03 00:37:57
770,gymshark,Accent Capped Sleeve T-Shirt,32.0,2026-09-03 00:37:57
771,gymshark,T-Shirt 2 Pack,40.0,2026-09-03 00:37:57
772,gymshark,Rest Day Sweats Long Sleeve T-Shirt,38.0,2026-09-03 00:37:57
773,etsy,"Retro Wireless Mechanical Keyboard, Wood Grain Design, RGB, QMK/VIA, Hot-Swappable, Bluetooth/2.4G",286.32,2026-09-03 00:38:08
774,etsy,High-End Japanese Ink-Style Custom 65% Keyboard,599.0,2026-09-03 00:38:08
775,etsy,"Anime Artisan Keycap, Custom PKM Keycap, Custom Artisan Keycap for Mechanical Keyboard, Birthday Gift, ESC Resin Keycap, Halloween Gift",9.6,2026-09-03 00:38:08
776,etsy,150+ Keycaps STL Bundle | Mechanical Keyboard 3D Print Files | Artisan Keycap Models,3.33,2026-09-03 00:38:08
777,etsy,Solid Walnut Wood Custom Mechanical Keyboard Kit Tri-Mode RGB For Cherry MX Switches,169.0,2026-09-03 00:38:08
778,etsy,Wire Wireless bluetooth Steampunk Black mechanical keyboard iPad iphone computer with lights 83 keycaps,113.75,2026-09-03 00:38:08
779,etsy,"Black Walnut Wood 65% Mechanical Keyboard: Hot-Swappable, RGB Backlit, Bluetooth / 2.4G / USB-C, Windows & macOS",194.65,2026-09-03 00:38:08
780,etsy,"Wireless Split Trackball Keyboard, Prebuilt ZMK Ergonomic Mechanical Keyboard, 4x6 Hot Swappable Custom Keyboard, Ready to Use",27.24,2026-09-03 00:38:08
781,etsy,"Ergonomic Split Curved Mechanical Keyboard 64 Keys Wired Custom Keyboard VIAL Programmable LED Light  Wrist Rest for Office, Creator, Gaming",126.75,2026-09-03 00:38:08
782,etsy,"Tenkeyless Mechanical Gaming Keyboard | RGB Backlit, Hot-Swappable",49.34,2026-09-03 00:38:08
783,etsy,Black Walnut Wood Mechanical Keyboard Case: Wooden GH60 Wooting 60HE/HE v2/HE+ GK61X,75.65,2026-09-03 00:38:08
784,etsy,"Hand carved 108 key walnut themed keycap gift set - natural aroma, Cherry height, ergonomically designed for collection and gift giving",26.99,2026-09-03 00:38:08
785,etsy,Macropad With Knob | Programmable Keys (QMK/Vial),109.0,2026-09-03 00:38:08
786,etsy,"129 Pcs Sakura Cherry Blossom MOA Profile PBT Keycaps,Dye Sub Key Cap Set, Mechanical Keyboard Keycap,Pink Floral Keycaps,Gaming Keycap Set",58.05,2026-09-03 00:38:08
787,etsy,Customizable Name Retro Typewriter-Inspired Mechanical Keyboard Wireless Bluetooth,97.04,2026-09-03 00:38:08
788,etsy,"Ready-to-Use Split Ergonomic Keyboard, Wireless Mechanical Keyboard, 2.4G or ZMK Bluetooth, Hot Swap Custom Keyboard Kit or Finished Build",266.28,2026-09-03 00:38:08
789,etsy,"Corne Keyboard v4.1 Cherry- Gray Casing,Split Ergonomic Mechanical Keyboard,Compact Split Layout, Supports RGB Lighting,Breakup Keyboard",113.65,2026-09-03 00:38:08
790,etsy,"Refraction Keycap Set | Artistic Angular Design | PBT Double-Shot Cherry Profile 137 Keys | Side-Printed, Backlit Ready Mechanical Keyboards",54.0,2026-09-03 00:38:08
791,etsy,Retro Typewriter Mechanical Keyboard Wireless Bluetooth 83-Key Backlit Ergonomic PC Laptop Gaming,639.3,2026-09-03 00:38:08
792,etsy,"Custom Hand-Built WW60 Mechanical Keyboard - Hot-Swappable, Pre-Lubed, & Fully Modded Gaming Keyboard",119.24,2026-09-03 00:38:08
793,etsy,"Wireless Split Trackball Keyboard, ZMK Mechanical Keyboard, Ergonomic Custom Keyboard with OLED, Prebuilt or Barebone",255.16,2026-09-03 00:38:08
794,etsy,"Sofle Split Mechanical Keyboard, 2.4G Wireless Ergonomic Custom Keyboard, VIAL Remappable, XDA Keycaps, Pre Built",105.07,2026-09-03 00:38:08
795,etsy,"One Piece Theme Anime Artisan Keycap Set | Pirate Adventure Keycaps, MOA & Cherry Profile, PBT Dye-Sub – KeyArtisan®",69.99,2026-09-03 00:38:08
796,etsy,Handmade Jelly Resin Keycap: Simulated Sugar Sweet Artisan Keycap,20.8,2026-09-03 00:38:08
797,etsy,"Vintage Aesthetic Keycap Set for Mechanical Keyboard | Retro Custom Keycaps, Cherry & MOA Profile, MX Switch Compatible – MonsterKeycaps®",59.49,2026-09-03 00:38:08
798,etsy,"Cute Backlit Keyboard Cable,8K Gaming Keyboard Cable,Custom Color,Cute USB-C Cable,Pink Mechanical Keyboard Cable,Wooting Cable,Gamer Gift",26.06,2026-09-03 00:38:08
799,etsy,Split Keyboard Wireless Full Layout | Alice Ergonomic Mechanical Keyboard | Prebuilt or Barebone | 2.4G Wireless,38.35,2026-09-03 00:38:08
800,etsy,"Liquid Metal Keycap, Silver Chrome Artisan Keycap, Electroplated Mechanical Keyboard Keycap, Custom 3D Keycap, Keyboard Gamer Gift",28.03,2026-09-03 00:38:08
801,etsy,Custom 68-Key Mechanical Keyboard Wired Gaming Keyboard Side-Printed PBT Keycaps RGB Dye-Sublimation Block-Building Sandbox,39.86,2026-09-03 00:38:08
802,etsy,"Alice Wireless Mechanical Keyboard, Hot Swap VIAL Ergonomic Split Keyboard, Custom 2.4G Keyboard for Mac Windows",105.07,2026-09-03 00:38:08
803,etsy,Gothic Fragment Keycap Set | Memento Mori Inspired | 124 Keys PBT Cherry Profile | Ink Bleed Film Grain Aesthetic,65.33,2026-09-03 00:38:08
804,etsy,Sofle Split Keyboard Fully Assembled | Pre-Built Ergonomic Mechanical Keyboard | Mac Compatible Custom Keycaps | Ready to Use Keyboard Gift,155.1,2026-09-03 00:38:08
805,etsy,"40 BALL Trackball Keyboard, Wired Mechanical Keyboard, Vial Remappable 40-Key Keyboard, MX Hot Swap",210.69,2026-09-03 00:38:08
806,etsy,Skyrim Keycaps Set Daedra Font | Shine Through Custom Keycaps for RGB Mechanical Keyboards |,9.59,2026-09-03 00:38:08
807,etsy,"Flins Genshin Impact Keycaps : 137 Pcs, PTB Cherry Profile - Kyryll Chudomirovich Mechanical Keyboard Key Caps - Custom Gaming Gift for Woot",116.28,2026-09-03 00:38:09
808,etsy,Bear Paw MOA Profile PBT Keycaps Set – Cute Small Font Sublimation for Mechanical Keyboards,71.37,2026-09-03 00:38:09
809,etsy,Side Printed Keycaps PBT Keycap Set MOA Profile Green Keycap Set Cute Custom Keycaps Full Keyboard Keycap Set Themed,62.25,2026-09-03 00:38:09
810,etsy,"Wireless Corne Split Keyboard Barebone, 42 Key ZMK Bluetooth Mechanical Keyboard, Hot Swappable with Battery, Black or White",192.34,2026-09-03 00:38:09
811,etsy,"Wireless Split Keyboard with Trackball, Fully Built ZMK Ergonomic Mechanical Keyboard, 3x6 Custom Keyboard, Ready to Use",27.24,2026-09-03 00:38:09
812,etsy,Custom Mechanical Keyboard | Choose Any Build from Sound Tests | Built to Order | Hand-Lubed & Tuned,179.0,2026-09-03 00:38:09
813,etsy,Custom Zoom64 Mechanical Keyboard | Full Metal Build | 60% Layout | WS POM+ | MCAPS Aluminium,599.59,2026-09-03 00:38:09
814,etsy,"CORNE V4 Split Mechanical Keyboard,Split Ergonomic Mechanical Keyboard,Compact Split Layout, Supports RGB Lighting, Supports RGB lighting",97.41,2026-09-03 00:38:09
815,etsy,"Steampunk Mechanical Keyboard: Bluetooth Wireless, Colorful Lights, 83 Keycaps",18.85,2026-09-03 00:38:09
816,etsy,Azur Lane Hindenburg Keycaps Set | 109-Key Anime PBT Keycaps | Cherry Profile for Mechanical Keyboard,106.29,2026-09-03 00:38:09
817,etsy,"CORNE V4 Split Mechanical Keyboard , Compact Split Layout, Split Ergonomic Mechanical Keyboard,Supports RGB Lighting, Supports RGB lighting",97.41,2026-09-03 00:38:09
818,etsy,"Custom Pink Goth Keyboard with Numpad | RGB Gaming Desk Setup, Hall Effect Switches",275.0,2026-09-03 00:38:09
819,etsy,99 Pcs Pastel Pink Cute Cat Mechanical Keyboard MOG Profile Keycap Kawaii Keycaps Set Cartoon Animal Gift for Cat Lovers Girls,99.99,2026-09-03 00:38:09
820,etsy,"3D print Resin Keycaps,cyberpunk keycaps,keyboard accessories",179.72,2026-09-03 00:38:09
821,etsy,"Green Crystal Transparent Keycaps, Cherry Profile PC Keycap Set, Custom Mechanical Keyboard Keycaps, Wooting MX Compatible",64.83,2026-09-03 00:38:09
822,etsy,Custom Qwertykeys QK80 Mechanical Keyboard | Hand-Lubed | HMX Caramel Pudding | Cyrillic Keycaps,872.13,2026-09-03 00:38:09
823,etsy,"Split Mechanical Keyboard, Prebuilt Ergonomic Wired Keyboard, QMK VIAL RGB Hot-Swappable, Barebone Option, Dual Rotary Knobs",177.34,2026-09-03 00:38:09
824,etsy,Wooden Keycaps Full Set for Mechanical Keyboards,163.52,2026-09-03 00:38:09
825,etsy,Retro game ortholinear split mechanical keyboard console - fully playable - re-mappable keys using QMK Vial (including in-game controls),86.7,2026-09-03 00:38:09
826,etsy,"Blue Ocean Wave Keycap Set – Japanese Aesthetic Mechanical Keyboard Keycaps, Artistic Wave Keyboard Set",36.0,2026-09-03 00:38:09
827,etsy,"Japanese Style Pokémon Keycap Set, 135 Keys PBT Cherry Profile, Mechanical Keyboard Keycaps, Artisan Keycaps, Bold Aesthetic, Gamer Style",54.98,2026-09-03 00:38:09
828,etsy,Lux 40% V2 Mechanical Keyboard,129.0,2026-09-03 00:38:09
829,etsy,"Wireless Split Mechanical Keyboard, 2.4G Ergonomic Keyboard with Vial Remapping, Hot Swappable Split 89, Prebuilt Barebone",266.28,2026-09-03 00:38:09
830,etsy,"Retro Typewriter Mechanical Keyboard, Tri-Mode Wireless RGB Hot-Swap (84-Key)",318.15,2026-09-03 00:38:16
831,etsy,Wooden Keycaps: Black Walnut Wood Key Caps Artisan Mechanical Keyboard Keycap Set OEM Profile,11.04,2026-09-03 00:38:16
832,etsy,"115 Pcs Elegant Baroque Gaming Keycap Set, Cherry Profile PBT Dye-Sublimation & ABS+PC Mechanical Keyboard Keycaps, White Translucent Parts",71.62,2026-09-03 00:38:16
833,etsy,"Star Wars Keycap, Sci-fi Epic Keycap, Artisan Keycap , Movie Fan Gift for Mechanical Keyboard, Custom Keycaps, Halloween Gift",14.4,2026-09-03 00:38:16
834,etsy,UR65 Cute Melody Theme Mechanical Keyboard - Kawaii Tri-Mode RGB 65% Compact Keyboard | Keyartisan®,83.99,2026-09-03 00:38:16
835,etsy,Cute Red Tiny Animals Mechanical Keyboard – Kawaii Tri-Mode RGB 65% Compact Keyboard | Keyartisan®,83.99,2026-09-03 00:38:16
836,etsy,Black Cat Artisan Keycap Set 134 Keys PBT For Cherry MX Mechanical Keyboards,80.0,2026-09-03 00:38:16
837,etsy,"Corne Keyboard v4.1 Cherry- Gray Casing,Compact Split Layout,Split Ergonomic Mechanical Keyboard, Supports RGB Lighting,Breakup Keyboard",113.65,2026-09-03 00:38:16
838,etsy,Cozy Cafe Theme Coffee Latte Keycap Set for Mechanical Keyboard | Mocha & Plaid Design Keycaps – KeyArtisan®,48.99,2026-09-03 00:38:16
839,etsy,KeyClicks W-Ergo | 40% 2.4G Wireless Split Ergonomic Mechanical Keyboard,172.97,2026-09-03 00:38:16
840,etsy,Corne V4.1 MX Split Keyboard | Ergonomic Hot Swap Wired | Pre Built Custom Keyboard VIA RGB,110.62,2026-09-03 00:38:16
841,etsy,LOTR Lord Of the Rings Elvish Keycaps | Shine Through Custom Keycaps for RGB Mechanical Keyboards |,9.59,2026-09-03 00:38:16
842,etsy,Cthulhu Old God Keycap Set Gothic PBT Full Keycap Set Retro Themed Custom Mechanical Keyboard Keycaps 130 Keys,79.2,2026-09-03 00:38:16
843,etsy,Soft Wave Keycaps Set: 135-Key Cherry Profile PBT Double-Shot Side-Print Shine-Through Mechanical Keyboard Set,82.2,2026-09-03 00:38:17
844,etsy,"Hololive Hoshimachi Suisei Keycaps: PBT Cherry Profile, 132 Keys - Gift for Gaming Wooting Mechanical Keyboard",115.88,2026-09-03 00:38:17
845,etsy,"Corne V4.1 Gradient Split Keyboard, Fully Built Ready, Hot Swap Ortholinear Mechanical Keyboard, VIA QMK RGB",155.1,2026-09-03 00:38:17
846,etsy,TogKey Pad Plus: 6-Key Programmable Macropad Mini Keyboard | Volume Knob | OLED Screen | RGB Lighting | Hot-Swap Mechanical Switches | QMK,45.0,2026-09-03 00:38:17
847,etsy,Lily58 MX Wireless Split Mechanical Keyboard,206.0,2026-09-03 00:38:17
848,etsy,Sofle Choc Pro Split Keyboard - Ergonomic Keyboard with 58 keys,175.64,2026-09-03 00:38:17
849,etsy,Retro Black Walnut Bluetooth Mechanical Keyboard Gift Set,1100.0,2026-09-03 00:38:17
850,etsy,White RGB Mechanical Keyboard | Backlit Gaming Keycaps | Hot Swappable | Custom Layout,120.0,2026-09-03 00:38:17
851,etsy,99 Pcs Pastel Pink Cute Cat Mechanical Keyboard MAO Profile Keycap Kawaii Keycaps Set Cartoon Animal Gift for Cat Lovers Girls,99.99,2026-09-03 00:38:17
852,etsy,The Diviner Keyboard - Datamancer Wooden Steampunk Typewriter Keyboard Mechanical Elegant Victorian Style Acanthus Engraved Carved Walnut,649.99,2026-09-03 00:38:17
853,etsy,"Angel Aesthetic Blacklit Keyboard Cable,8K Gaming Keyboard Cable,Cute USB-C Cable,White Mechanical Keyboard Cable, Wooting Cable,Gamer Gift",26.06,2026-09-03 00:38:17
854,etsy,Burgundy Keycaps Set Cherry Profile PBT Sublimation 145 Keys | Durable Side Engraved Mechanical Keyboard Keycap Set for Custom Builds,81.4,2026-09-03 00:38:17
855,etsy,"Handmade Frosted Translucent XDA Keycap – Matte Jelly Glass Texture, Light Diffusion (XDA)",13.64,2026-09-03 00:38:17
856,etsy,Original handmade logic cat personalized keycaps | Animal keycaps | Mechanical keyboard keycaps | Customizable keycaps | Resin keycap,15.38,2026-09-03 00:38:17
857,etsy,Sofle RGB V3.2 MX Wireless Split Keyboard Bluetooth,60.56,2026-09-03 00:38:17
858,etsy,The Aviator Keyboard - Datamancer Aluminum Steampunk Keyboard Mechanical Typewriter,799.5,2026-09-03 00:38:17
859,etsy,Valorant-Yoru 68-Key Custom Mechanical Keyboard Wireless Bluetooth 2.4G Tri-Mode RGB Lighting Dye-Sublimation Side-Printed PBT-Keycaps,39.86,2026-09-03 00:38:17
860,etsy,"Corne Keyboard v4.1 Cherry,Split Ergonomic Mechanical Keyboard,Compact Split Layout, Supports RGB Lighting, Side-Engraved Translucent Keycap",131.51,2026-09-03 00:38:17
861,etsy,TogKey Retro Macropad Keyboard Collection: Special Edition Retro Themed Reprogrammable Macropads Powered by QMK Firmware,25.0,2026-09-03 00:38:17
862,etsy,Vintage ROCNEX Mitsumi Keyboard E5XKBM10140 DIN 5-Pin Made in Japan w/ Box,34.99,2026-09-03 00:38:17
863,etsy,Korean Dancheong Mechanical Keyboard | Artisan PBT Keycaps | Made in Korea,135.99,2026-09-03 00:38:17
864,etsy,"Duck Themed Custom Mechanical Keyboard - Yellow Duck Keycaps, Thocky Sound, 75% Layout, Wireless, RGB",250.0,2026-09-03 00:38:17
865,etsy,White to Purple Gradient Mechanical Keyboard w/ Cat Paw Resin Key,410.0,2026-09-03 00:38:17
866,etsy,Jelly POM Keycaps POM Ink Keycaps Black Keycaps (114 Keycap Set) Keyboard keycap pom keycap jelly keycap,70.18,2026-09-03 00:38:17
867,etsy,"9-Key Fidget Clicker Keychain – MOA Keycaps, Satisfying Click, Stress Relief Toy Desk Setup ASMR Clickers",14.99,2026-09-03 00:38:17
868,etsy,"Retro Typewriter Mechanical Keyboard, RGB Hot-Swap Bluetooth USB-C, 84-Key Compact Design",318.15,2026-09-03 00:38:17
869,etsy,"DIY Mechanical Keyboard Kit, Custom Modular Keyboard, Hot Swappable Keyboard, Numpad, Programmer Desk Setup Gift",32.8,2026-09-03 00:38:17
870,etsy,"Custom Cat Keyboard Fidget Clicker - Cute Desk Toy, ASMR Clicker Keychain, Mechanical Keyboard Fidget, Kids Stress Relief Gift",7.2,2026-09-03 00:38:17
871,etsy,F1 Mercedes (BLACK EDITION) Inspired Custom Keycaps | Full Keycap Set,60.43,2026-09-03 00:38:17
872,etsy,"Frieren Keycaps Anime Keyboard Set, Beyond Journey End Inspired PBT Dye Sublimation Mechanical Keyboard Keycaps",49.49,2026-09-03 00:38:17
873,etsy,"Green Carbon Fiber Keyboard Case, Artisan Craftsmanship for Keyboard Enthusiasts",268.19,2026-09-03 00:38:17
874,etsy,"Corne Keyboard Crkbd V4.1, Split Ergonomic Mechanical Keyboard, Supports RGB Lighting, Side-Engraved Translucent Keycap,Compact Split Layout",97.41,2026-09-03 00:38:17
875,etsy,"Custom Cat Keyboard Fidget Toy | Mechanical ASMR Clicker, Stress Relief Desk Accessory (1-9 Keys),Gift for Friends & Kids",7.75,2026-09-03 00:38:17
876,etsy,"Seigaiha Artisan Metal Keycap: Antique Nickel Esc, Enter & Spacebar",28.19,2026-09-03 00:38:17
877,etsy,"Hand-Tufted Purple Ghost Wrist Rest Rug | Gaming Keyboard Mat, Spooky Decor",75.65,2026-09-03 00:38:17
878,etsy,"Green Keycap Set: 130 Keys RGB Shine-Through, Cherry Profile, Compatible with 60/65/75%/TKL/Full-Size MX Mechanical Keyboards",57.61,2026-09-03 00:38:17
879,etsy,"Retro Round Punk Keycap Set, Typewriter Style Mechanical Keyboard Keycaps, 104 Keys Circular Keycaps, Custom Gaming Keyboard Accessories",33.75,2026-09-03 00:38:17
880,etsy,"Corne Keyboard v4.1 Cherry,Compact Split Layout, Split Ergonomic Mechanical Keyboard,Supports RGB Lighting, Side-Engraved Translucent Keycap",113.65,2026-09-03 00:38:17
881,etsy,"Japanese Anime Gundam Keycap Set, 126 PBT Cherry Profile Keycaps, White & Blue Mecha Aesthetic, Custom Mechanical Keyboard Keycaps",56.16,2026-09-03 00:38:17
882,etsy,PomPomPurin Anime Keycaps Set (134 Keys) | Sanrio Custom PBT Keycaps for Mechanical Keyboard | MDA Profile,86.36,2026-09-03 00:38:17
883,etsy,68-Key Custom Wireless Bluetooth 2.4G Tri-Mode RGB-Lighting Mechanical Keyboard Dye-Sublimation Blockworld Adventure Creeper Steve,39.86,2026-09-03 00:38:17
884,etsy,"Lily58 2.4G Wireless Barebone Keyboard, Split Ergonomic Mechanical Keyboard, Vial Remappable, No Soldering Required",132.86,2026-09-03 00:38:17
885,etsy,"Ergonomic 52 Key Split Keyboard, Wired QMK Vial Programmable Macropad, 3D Printed Tilted Case, Tech Gift for Programmer Coder Desk Setup",133.5,2026-09-03 00:38:17
886,etsy,"136 Pcs Green Grape Oolong Gradient Gaming Keycap Set, Cherry Profile PBT Translucent Keyboard Keycaps Set, Double Shot Injection Molding",56.44,2026-09-03 00:38:24
887,etsy,PKM Artisan Spacebar Keycap: Custom Epoxy Resin OEM Profile,13.79,2026-09-03 00:38:24
888,etsy,Semi-clear Matte Surface Frosted Clear Light Custom made XDA Keycap for MX Cherry Keycaps,13.64,2026-09-03 00:38:24
889,etsy,"Rainbow Marshmallow Mechanical Keyboard, Pink 108-Key Tri-Mode Keyboard, Hot-Swappable Piano Switch Keyboard",58.5,2026-09-03 00:38:24
890,etsy,Solo Leveling Keycaps Set | 109-Key Anime PBT Keycaps | Cherry Profile for Mechanical Keyboard,106.29,2026-09-03 00:38:24
891,etsy,"Custom Dactyl Manuform Pro Trackball Wireless Ergonomic Split Keyboard: Hot-Swap MX, Built-in Trackball",399.96,2026-09-03 00:38:24
892,etsy,"Cyberpunk  Keycap Set, 148 Keys PBT Cherry Profile, 2077 Hand-Drawn Style, Mechanical Keyboard Keycaps, Artisan Keycaps, Neon Aesthetic",58.91,2026-09-03 00:38:24
893,etsy,"Afternoon Library 137 Keycaps, Coffee Inspired Creative Keycaps | Mechanical Keyboard Keycaps | Handmade Keycaps | Special Gifts",81.0,2026-09-03 00:38:24
894,etsy,99 Pcs Pastel White Cute Cat Mechanical Keyboard MAO Profile Keycap Kawaii Keycaps Set Cartoon Animal Gift for Cat Lovers Girls,99.99,2026-09-03 00:38:24
895,etsy,KeyClicks W-Corne | 40% 2.4G Wireless Split Ergonomic Mechanical Keyboard,157.87,2026-09-03 00:38:24
896,etsy,68-Key Custom Keyboard Wireless Bluetooth 2.4G Tri-Mode RGB Mechanical Keyboard RGB-Lighting Dye-Sublimation Creeper Blockworld,39.86,2026-09-03 00:38:24
897,etsy,NASA Keycap Set | North and South Facing LED Shine Through Custom Keycaps for RGB Mechanical Keyboards,9.59,2026-09-03 00:38:24
898,etsy,130 Keys Anime Korean Kai’Sa Theme Keycap Set– Purple Black PBT RGB Cherry Profile | Five-Side Dye-Sub Custom Gaming Mechanical Keyboard Cap,76.87,2026-09-03 00:38:24
899,etsy,"Pink AF Custom Mechanical Keyboard - Thocky Sound, Shiny Pink Keycaps, TKL Layout",275.0,2026-09-03 00:38:24
900,etsy,Custom Womier SK75 Mechanical Keyboard | CNC Aluminum | 75% Size | Hand-Lubed Switches & Tuned Stabilizers | Hot-Swap | Wired/Wireless,245.0,2026-09-03 00:38:24
901,etsy,"Sofle Choc Split Mechanical Keyboard - Vial-QMK, Hotswap, Choc v1, MBK Legend Shine Through Keycaps",265.0,2026-09-03 00:38:24
902,etsy,Pabile DIY P40 40-Key 4x10 Grid Programmable Wired RP2040 or BLE NRF52840 Mechanical Keyboard PCB Assembly Kit,64.22,2026-09-03 00:38:24
903,etsy,99 Pcs Pastel Black Cute Cat Mechanical Keyboard MAO Profile Keycap Kawaii Keycaps Set Cartoon Animal Gift for Cat Lovers Girls,99.99,2026-09-03 00:38:24
904,etsy,Choc-Corne | 40% 2.4G Wireless Split Ergonomic Mechanical Keyboard,142.76,2026-09-03 00:38:24
905,etsy,Wooden Keyboard MK-9 Retro Style Rustic industrial Solid Walnut Wood Keycaps Hot-Swap Switches,987.2,2026-09-03 00:38:24
906,etsy,"Corne Keyboard v4.1 Cherry-Breakup Keyboard,Split Ergonomic Mechanical Keyboard,Compact Split Layout, Supports RGB Lighting, Wired link",113.65,2026-09-03 00:38:24
907,etsy,Anime Japanese Keycaps Set (129 Keys) | PBT Cherry Profile Mechanical Keyboard Keycap | Sublimated Design,44.95,2026-09-03 00:38:24
908,etsy,"Anime Japanese Keycap Set, Black White PBT Cherry Profile Keycaps for Mechanical Keyboard, Custom Aesthetic Keyboard Keycaps",72.61,2026-09-03 00:38:24
909,etsy,Shirakami Fubuki Key Caps Set Hololive Vtuber Mechanical Keyboard - Key Cover PBT DYE Sublimation Cherry MX Cross Axis Switch KeyCap,111.44,2026-09-03 00:38:24
910,etsy,"Giant Keycap Lamp, Ctrl Esc Alt Desk Light, Mechanical Keyboard Decor",69.99,2026-09-03 00:38:24
911,etsy,Toony shark artisan keycap and mechanical keyboard switch fidget clicker,11.59,2026-09-03 00:38:24
912,etsy,Custom Full Size Wireless Mechanical Keyboard | Strawberry Shortcake Pink Aluminum Desk Setup Bundle,330.0,2026-09-03 00:38:24
913,etsy,Custom GMK87 Mechanical Keyboard | Customize Your Own | TKL/ 80% Layout | Hand-Lubed Switches & Modded Stabilizers | Wired/Wireless,194.0,2026-09-03 00:38:24
914,etsy,"Japanese Anime Keycaps – EVA Unit-01 from Evangelion, 148 PBT Cherry Keys, Dual Legends (Top + Side Print), Mecha Aesthetic, Custom keyboard",61.66,2026-09-03 00:38:24
915,etsy,Reviung41 Keyboard Pre-Built Moonseeker,160.0,2026-09-03 00:38:24
916,etsy,"Lotus58 Split Mechanical Keyboard ""Shine v2""",214.0,2026-09-03 00:38:24
917,etsy,"The Royal Wood Mechanical Keyboard Case,Custom Keyboard Case, Wooden Keyboard Cover, gift for him, gift for her,christmas gift,handmade gift",196.7,2026-09-03 00:38:24
918,etsy,"The Royal Wood Mechanical Keyboard Case, Mechanical Keyboard Case, Custom Keyboard Case, Wooden Keyboard Cover",498.8,2026-09-03 00:38:24
919,etsy,"Sofle RGB Choc Wireless Split Keyboard , Slimmest Low Profile, Ergonomic keycaps, Carbon Fiber Case",374.29,2026-09-03 00:38:24
920,etsy,"Aluminum Alloy star Y2K Keycaps,cyberpunk keycaps,keyboard accessories",39.08,2026-09-03 00:38:24
921,etsy,POM keycap White keycap Transparent keycap set keyboard keycap pom keycap jelly keycap,70.18,2026-09-03 00:38:24
922,etsy,Akko Rosewood Switch,25.37,2026-09-03 00:38:24
923,etsy,Customizable Apple Touch ID enclosure. Desk accessory and decoration.,75.0,2026-09-03 00:38:24
924,etsy,UR65 Cute Love Letters Mechanical Keyboard - Custom Tri-Mode RGB 65% Compact Keyboard | Keyartisan®,83.99,2026-09-03 00:38:24
925,etsy,Corne V4.1 Split Keyboard Low Profile Choc | Pre Built Ergonomic Keyboard | Hot Swap Keycaps Vial,110.62,2026-09-03 00:38:24
926,etsy,Lily58 MX with Trackpad Split Keyboard,237.0,2026-09-03 00:38:24
927,etsy,"Retro Queen Keycaps, Rose Gaming Keyboard, Red Cream Floral Key Set, Mechanical Keyboard Accessories, Royal Desk Setup, Gamer Gift, PC Decor",118.1,2026-09-03 00:38:24
928,etsy,"Corne Keyboard v4.1 Cherry-Engraved Translucent Keycap,Split Ergonomic Mechanical Keyboard,Compact Split Layout, Supports RGB Lighting, Side",113.65,2026-09-03 00:38:24
929,etsy,"Aesthetic Floral Keyboard Set, Pastel Gaming Accessories Keys, Aesthetic PBT Keycap For Mechanical Boards, Flower Pink Cherry Profile Caps",96.48,2026-09-03 00:38:24
930,etsy,"9-Key Mechanical Keyboard Clicker Fidget, Matte, ASMR Sensory Toy",18.26,2026-09-03 00:38:24
931,etsy,"Purple Gradient Keycap Set, Crystal-Style PBT HOA Profile Keycaps for 60% to Full Size Mechanical Keyboards",54.46,2026-09-03 00:38:24
932,etsy,"Minecraft Inspired Artisan Keycap, Pixel Block Keycap, Custom Gaming Keycap, Handmade Resin Keycap, Mechanical Keyboard ESC Key, Gamer Gift",20.93,2026-09-03 00:38:24
933,etsy,Tokyo Ghoul Kaneki Ken Keycap Set | One-Eyed Ghoul Vibes | 129 Keys PBT Cherry Profile | Front + Side-Printed | Backlit Ready,69.11,2026-09-03 00:38:24
934,etsy,"White Backlit Keycap Set for Mechanical Keyboard | Shine Through Keycaps, Cherry Profile, MX Switch Compatible – MonsterKeycaps®",52.49,2026-09-03 00:38:24
935,etsy,"Custom Corne Pro Wireless Ergonomic Split Keyboard - Pre-built, Ready-to-use Hotswappable Keyboard",159.98,2026-09-03 00:38:24
936,etsy,Felix Split Mechanical Keyboard,220.0,2026-09-03 00:38:24
937,etsy,Corne Choc Wireless Split Keyboard – Low Profile Ergonomic Mechanical Keyboard,216.0,2026-09-03 00:38:24
938,etsy,"Cute Blue Keycap Set, Russian Korean MOA Keycaps, 132 Artisan Keyboard Caps, Mechanical Keyboard Applicable Keycaps, Gift for Her",45.79,2026-09-03 00:38:24
939,etsy,Green Gradient Keycaps Set: RGB Shine Through Double Shot Cherry Profile for Mx Mechanical Keyboards 60 65 75 84 87 96 100 ANSI ISO,51.86,2026-09-03 00:38:24
940,etsy,"Keycaps, Red Black Poker Mechanical Keyboard Keycap Set, MOA Profile-red keycaps-gift for gamer-keyboard upgrade-Keyboard Keycap Set",36.9,2026-09-03 00:38:24
941,etsy,Storm of Asgard Keycap Set | Norse Mythology Lightning Black Gold PBT Cherry Profile Mechanical Keyboard Keycaps,56.64,2026-09-03 00:38:24
